continent;land_use_type;2016;2017;2018;2019;2020
Caribbean;Grains;23524;23897;22463;29280;26349
Caribbean;Beans & Pulses;7938;7626;6065;7634;7018
Caribbean;Root Crops;68510;68613;63025;69023;68243
Caribbean;Barley;0;0;0;0;0
Caribbean;Maize;13531;13722;10919;16556;13170
Caribbean;Oats;0;0;0;0;0
Caribbean;Potatoes;203783;205092;205171;201210;200469
Caribbean;Soybeans;0;0;0;0;0
Caribbean;Wheat;0;0;0;0;0
Caribbean;Millet;0;0;0;0;0
Caribbean;Sorghum;8827;8289;6333;11549;9230
Caribbean;Rice;42098;42406;41454;41958;42997
Caribbean;Rye;0;0;0;0;0
Caribbean;Groundnuts;9192;8860;8543;5942;8847
Caribbean;Vegetables;124228;122092;123201;123861;120935
Caribbean;Oilseeds;5326;5205;5100;4.233;5204
Central Africa;Grains;9752;9506;10006;10060;10149
Central Africa;Beans & Pulses;6450;6403;6377;6301;6323
Central Africa;Root Crops;78557;81120;82694;82928;82953
Central Africa;Barley;6789;6783;6785;6783;6788
Central Africa;Maize;10561;10035;10677;10767;10776
Central Africa;Oats;0;0;0;0;0
Central Africa;Potatoes;75309;82197;82242;84677;79657
Central Africa;Soybeans;7159;8181;8451;8721;8828
Central Africa;Wheat;12346;12226;12360;11930;11258
Central Africa;Millet;5976;5606;5932;5837;5745
Central Africa;Sorghum;10199;10728;11026;11078;10389
Central Africa;Rice;9395;9358;9491;9704;11161
Central Africa;Rye;0;0;0;0;0
Central Africa;Groundnuts;10452;10001;9947;10028;9290
Central Africa;Vegetables;45055;44344;44064;43808;43367
Central Africa;Oilseeds;7661,4;7770,6;7343,4;8076,6;7734,4
Central America;Grains;34687;35121;35190;36680;35248
Central America;Beans & Pulses;8408;8798;9254;9223;8480
Central America;Root Crops;196945;196671;201603;202082;209124
Central America;Barley;29670;28418;28645;26930;29376
Central America;Maize;33813;34370;34374;36437;34707
Central America;Oats;18536;16646;19896;20719;22489
Central America;Potatoes;266961;272801;276886;280482;290443
Central America;Soybeans;18659;17014;17629;16846;16583
Central America;Wheat;53222;52788;54152;55105;52995
Central America;Millet;135000;0;157857;138000;146842
Central America;Sorghum;31042;32119;32727;31253;30919
Central America;Rice;47053;47148;49305;49572;49066
Central America;Rye;14000;18333;18000;17500;17778
Central America;Groundnuts;28920;29198;29433;28563;27658
Central America;Vegetables;196262;213056;220200;215422;208588
Central America;Oilseeds;16.095;16.222;17.918;16.968;16.655
Central Asia;Grains;17541;16969;16816;15705;16693
Central Asia;Beans & Pulses;15969;12059;11407;12708;13603
Central Asia;Root Crops;217478;221276;220447;226214;229627
Central Asia;Barley;17473;16428;16069;13693;14315
Central Asia;Maize;65012;63289;65313;63500;62826
Central Asia;Oats;15969;13386;14310;11039;10580
Central Asia;Potatoes;217478;221276;220447;226214;229627
Central Asia;Soybeans;21680;20206;20542;20625;20722
Central Asia;Wheat;16224;15845;15657;14620;15764
Central Asia;Millet;11889;10686;10512;9465;9026
Central Asia;Sorghum;20076;16122;24727;14758;12905
Central Asia;Rice;36414;33069;28419;37258;36902
Central Asia;Rye;13203;14467;13481;14099;15115
Central Asia;Groundnuts;37455;72190;68870;90325;94389
Central Asia;Vegetables;372620;364154;337011;342082;343158
Central Asia;Oilseeds;13669,5;18679;18241,75;21.046;22.285
Eastern Africa;Grains;18081;19754;20427;21097;20481
Eastern Africa;Beans & Pulses;9779;10348;10000;9700;9865
Eastern Africa;Root Crops;75946;76575;88033;83796;88214
Eastern Africa;Barley;19368;19837;22196;25060;25059
Eastern Africa;Maize;17328;20118;20798;20730;20128
Eastern Africa;Oats;18137;17210;17607;19601;18321
Eastern Africa;Potatoes;94683;91618;101003;99971;106637
Eastern Africa;Soybeans;12406;12692;14169;13166;13717
Eastern Africa;Wheat;24965;25769;26554;28640;28899
Eastern Africa;Millet;12214;12542;13601;15764;14675
Eastern Africa;Sorghum;15344;15689;16235;17181;16019
Eastern Africa;Rice;27146;27889;26289;27063;25449
Eastern Africa;Rye;0;0;0;0;0
Eastern Africa;Groundnuts;6228;6826;6496;6844;7381
Eastern Africa;Vegetables;75987;78276;79925;80571;84216
Eastern Africa;Oilseeds;8.509;8.847;8.929;8.911;8.558
Eastern Asia;Grains;59891;60806;60924;62343;62370
Eastern Asia;Grains;59891;60806;60924;62343;62370
Eastern Asia;Beans & Pulses;16197;17393;17057;16890;16997
Eastern Asia;Root Crops;185164;191443;196463;195402;193037
Eastern Asia;Barley;33743;30794;31758;31934;30820
Eastern Asia;Maize;59428;60885;60751;62944;62826
Eastern Asia;Oats;30804;30671;30489;30169;29782
Eastern Asia;Potatoes;174396;179190;186130;185056;183032
Eastern Asia;Soybeans;17924;18443;18816;19349;19682
Eastern Asia;Wheat;53185;54166;53441;55520;56545
Eastern Asia;Millet;23590;28108;28442;24447;24429
Eastern Asia;Sorghum;44142;46665;45476;46643;47219
Eastern Asia;Rice;68498;68880;69996;70421;69739
Eastern Asia;Rye;27362;26686;26900;26985;26857
Eastern Asia;Groundnuts;36714;37031;37448;37828;39030
Eastern Asia;Vegetables;243880;248954;249319;252798;255613
Eastern Asia;Oilseeds;21.496;20.439;22.848;24.457;26.877
Europe;Grains;42073;43871;42426;44843;43458
Europe;Beans & Pulses;21617;22655;16508;19205;20582
Europe;Root Crops;223130;237712;221402;228555;235579
Europe;Barley;37401;39044;35517;39486;39577
Europe;Maize;67433;63916;75282;72371;63824
Europe;Oats;24667;25466;22842;24995;26974
Europe;Potatoes;223453;238068;221401;228554;235578
Europe;Soybeans;20936;18613;21435;20944;20072
Europe;Wheat;40290;44018;39956;42659;41370
Europe;Millet;16516;14972;12521;13759;12649
Europe;Sorghum;31583;33604;46148;42478;40561
Europe;Rice;63596;64460;64694;64646;63766
Europe;Rye;30996;31338;27384;31457;35969
Europe;Groundnuts;26077;27763;;;
Europe;Vegetables;257501;259275;262560;266562;261510
Europe;Oilseeds;15.179;15.562;13.403;14.190;13.582
Northern Africa;Grains;16790;19010;18587;18514;16955
Northern Africa;Beans & Pulses;0;13063;13954;11256;7311
Northern Africa;Root Crops;224679;231347;234919;240695;234832
Northern Africa;Barley;6971;10202;15846;13362;7852
Northern Africa;Maize;66419;69833;61326;47209;48665
Northern Africa;Oats;8377;8222;14961;11678;9331
Northern Africa;Potatoes;263941;272166;276002;281975;275874
Northern Africa;Soybeans;31913;27198;28375;28170;28604
Northern Africa;Wheat;23506;25327;29696;27120;23174
Northern Africa;Millet;4845;3530;7071;3785;2041
Northern Africa;Sorghum;7735;7495;7613;6410;5504
Northern Africa;Rice;92378;88666;84503;86254;86981
Northern Africa;Rye;19032;18978;18975;18953;18968
Northern Africa;Groundnuts;8690;8466;10010;9614;9280
Northern Africa;Vegetables;220716;223692;223322;227091;226571
Northern Africa;Oilseeds;10565;10.720;10.964;10.350;10.694
North America;Grains;77738;74190;72605;71039;72309
North America;Beans & Pulses;20517;18413;19738;20299;22011
North America;Root Crops;435965;439915;445602;454670;444358
North America;Barley;39931;37869;36663;38988;39054
North America;Maize;116691;110410;110175;104566;107474
North America;Oats;31566;32330;31372;33289;32107
North America;Potatoes;462037;461755;470706;475516;469003
North America;Soybeans;34600;32621;33677;31540;33633
North America;Wheat;35542;32156;32286;34391;34102
North America;Millet;20448;20705;16662;20016;10664
North America;Sorghum;48912;45031;45266;45845;45946
North America;Rice;81121;84147;86213;83759;85398
North America;Rye;23736;27091;23767;26451;27246
North America;Groundnuts;40730;44916;44849;44089;42549
North America;Vegetables;334497;326044;331506;371474;377256
North America;Oilseeds;21.940;20.857;21.933;21.282;21.617
Oceania;Grains;21243;27087;20804;18179;17032
Oceania;Beans & Pulses;11596;17034;10896;9572;10892
Oceania;Root Crops;124755;125959;128905;130266;127141
Oceania;Barley;22494;28309;23044;20486;20576
Oceania;Maize;82820;70271;80055;67500;82103
Oceania;Oats;16222;22250;14253;12316;14220
Oceania;Potatoes;423469;413130;420397;404281;424105
Oceania;Soybeans;14144;18811;9012;11298;17722
Oceania;Wheat;20061;26343;19444;17225;15071
Oceania;Millet;10228;10216;10188;10185;10183
Oceania;Sorghum;34387;27048;27231;21131;19595
Oceania;Rice;91108;94079;98696;66550;66937
Oceania;Rye;6910;7500;7308;7002;7166
Oceania;Groundnuts;18852;18929;19614;19234;18891
Oceania;Vegetables;198701;197071;198983;196982;195838
Oceania;Oilseeds;18.545;17.068;18071;17.877;18.737
South America;Grains;44609;50628;46442;51937;50620
South America;Beans & Pulses;10412;11483;10833;11632;11881
South America;Root Crops;149347;154370;154315;156971;157124
South America;Barley;36510;36432;36801;37606;37511
South America;Maize;49863;59297;52567;61281;60218
South America;Oats;27950;25016;25116;24315;21822
South America;Potatoes;175701;187848;188692;194059;191916
South America;Soybeans;28997;32614;29957;31482;31157
South America;Wheat;29847;30033;29828;30872;28759
South America;Millet;15536;19235;12522;18921;15488
South America;Sorghum;32927;33721;29907;33704;32663
South America;Rice;55079;57270;61079;58375;61154
South America;Rye;18377;18994;19149;17865;20322
South America;Groundnuts;28839;29607;23478;31690;32664
South America;Vegetables;184887;187526;191727;189207;185367
South America;Oilseeds;15.687;16.125;16.584;17536;17.632
South-eastern Asia;Grains;42113;42633;43455;43006;43216
South-eastern Asia;Beans & Pulses;9988;9657;9667;9550;9453
South-eastern Asia;Root Crops;205869;205015;203326;208015;207829
South-eastern Asia;Barley;22910;23184;23223;23434;23645
South-eastern Asia;Maize;44568;45615;46317;45600;46642
South-eastern Asia;Oats;0;0;0;0;0
South-eastern Asia;Potatoes;165901;152693;169702;173634;175741
South-eastern Asia;Soybeans;14405;14435;13317;14293;14651
South-eastern Asia;Wheat;11837;18682;18581;18649;18627
South-eastern Asia;Millet;10329;9794;9680;9602;9689
South-eastern Asia;Sorghum;11054;10497;10577;10594;10833
South-eastern Asia;Rice;42119;42416;43210;42893;42911
South-eastern Asia;Rye;0;0;0;0;0
South-eastern Asia;Groundnuts;18182;17842;18131;17958;17766
South-eastern Asia;Vegetables;112674;111149;113021;115952;116995
South-eastern Asia;Oilseeds;12612,2;12165;11631,2;11554,6;11653,8
Southern Africa;Grains;33086;48404;40780;39805;44072
Southern Africa;Beans & Pulses;7858;9142;7819;8871;8711
Southern Africa;Root Crops;188022;193985;190150;189404;192475
Southern Africa;Barley;39288;33008;34942;25833;41149
Southern Africa;Maize;37616;58307;48614;46192;53978
Southern Africa;Oats;16276;16485;16980;7931;21382
Southern Africa;Potatoes;319974;324908;327183;328333;329316
Southern Africa;Soybeans;14757;22929;19563;16021;17667
Southern Africa;Wheat;37115;31015;36690;28308;40904
Southern Africa;Millet;1064;2292;3295;2627;2114
Southern Africa;Sorghum;9548;15321;10832;17323;20322
Southern Africa;Rice;28412;28585;28914;29066;29177
Southern Africa;Rye;10971;11199;11286;11150;11207
Southern Africa;Groundnuts;6955;15035;9346;8287;11869
Southern Africa;Vegetables;181392;182255;177241;178239;180073
Southern Africa;Oilseeds;15490;15331,25;15831,25;15689;19147,75
Southern Asia;Grains;30990;31731;32732;33524;32950
Southern Asia;Beans & Pulses;5981;6809;7325;6983;7085
Southern Asia;Root Crops;199816;210606;226052;222742;228012
Southern Asia;Barley;20872;18140;17914;19046;19457
Southern Asia;Maize;29916;30649;34393;35826;36130
Southern Asia;Oats;0;0;0;0;0
Southern Asia;Potatoes;205436;217999;231402;226325;232426
Southern Asia;Soybeans;11871;11849;10697;12018;9398
Southern Asia;Wheat;28566;29342;30239;30611;30364
Southern Asia;Millet;11380;12398;12374;11842;12662
Southern Asia;Sorghum;6926;8029;9404;8378;8645
Southern Asia;Rice;39316;39865;40281;41128;40533
Southern Asia;Rye;8984;9286;8983;9087;9108
Southern Asia;Groundnuts;13987;13932;18753;14171;16189
Southern Asia;Vegetables;148179;149631;151340;152981;154181
Southern Asia;Oilseeds;8866,9;9317,3;10181,7;9783,7;9666,5
Western Africa;Grains;12426;12079;12536;12900;13083
Western Africa;Beans & Pulses;5833;5533;5871;5972;6157
Western Africa;Root Crops;85882;83545;81847;80109;81051
Western Africa;Barley;29184;29737;30660;30599;31080
Western Africa;Maize;16593;17141;17256;16940;17303
Western Africa;Oats;8913;9111;9091;8889;9111
Western Africa;Potatoes;51466;53384;56040;56937;59357
Western Africa;Soybeans;9388;9563;10333;10841;10679
Western Africa;Wheat;16082;14551;14540;12376;16754
Western Africa;Millet;6897;6625;7440;7050;7400
Western Africa;Sorghum;9907;9053;9602;9541;9732
Western Africa;Rice;17996;17123;17058;19137;19235
Western Africa;Rye;0;0;0;0;0
Western Africa;Groundnuts;10317;10443;11182;10753;10608
Western Africa;Vegetables;48847;48915;46126;47430;47614
Western Africa;Oilseeds;8211,75;8129,5;8394;8513,75;8601,5
Western Asia;Grains;27752;28504;27189;29012;29145
Western Asia;Beans & Pulses;14414;14225;13435;13429;15134
Western Asia;Root Crops;256664;262008;258523;275279;278170
Western Asia;Barley;20778;23011;20540;23686;22121
Western Asia;Maize;78180;77120;81048;77847;78295
Western Asia;Oats;22436;21777;24070;23620;26771
Western Asia;Potatoes;257386;262787;259475;276208;279162
Western Asia;Soybeans;41962;41914;41733;41270;42146
Western Asia;Wheat;26738;26980;25929;27637;28691
Western Asia;Millet;6298;6514;6491;7010;5971
Western Asia;Sorghum;9735;9882;9591;11294;14459
Western Asia;Rice;70809;69972;74862;61440;63167
Western Asia;Rye;26288;31605;28793;27624;28315
Western Asia;Groundnuts;37755;37996;37732;38123;38135
Western Asia;Vegetables;279871;275683;280587;283304;277794
Western Asia;Oilseeds;20097;20.986;20.260;19.758;20951