country;operating_margin;combined_margin
Afghanistan;0,413893333;0,193247671
Åland Islands;0;0,256232249
Albania;0;0,256232249
Algeria;0,528409264;0,397359966
American Samoa;0,752533333;0,515851786
Andorra;0,188133333;0,06967385
Angola;1,475722105;0,7476993
Anguilla;0,752533333;0,471540552
Antigua and Barbuda;0,752533333;0,489363269
Argentina;0,478130998;0,28818336
Armenia;0,390158854;0,204544837
Aruba;0,752533333;0,421102792
Australia;0,807808637;0,420533636
Austria;0,241936198;0,113064599
Azerbaijan;0,533743264;0,384343247
Bahamas;0,752533333;0,440843905
Bahrain;0,726353375;0,454267722
Bangladesh;0,527922593;0,41171394
Barbados;0,749272852;0,483999709
Belarus;0,399561439;0,291560171
Belize;0,403021667;0,182951452
Belgium;0,251558225;0,124394428
Benin;0,745350582;0,575764983
Bermuda;0,752533333;0,341508872
Bhutan;0;0,387846378
Bolivia;0,603614046;0,393289229
Bonaire, Sint Eustatius and Saba;0,752533333;0,40020085
Bosnia and Herzegovina;1,197218505;0,738997039
Botswana;1,486062303;1,070266056
Bouvet Island;0;0,290027012
Brazil;0,283764051;0,139064038
British Indian Ocean Territory;0;0,422324473
British Virgin Islands;0,752533333;0,420193707
Brunei Darussalam;0,681157363;0,407162625
Bulgaria;0,911479498;0,495280737
Burkina Faso;0,752533333;0,539097255
Burundi;0,413893333;0,197024553
Cabo Verde;0,752533333;0,505020361
Cambodia;1,04631556;0,587805658
Cameroon;0,65945187;0,354353303
Canada;0,371521518;0,155640544
Cayman Islands;0,752533333;0,372671467
Central African Republic;0,188133333;0,076543271
Chad;0,752533333;0,580858944
Chile;0,656606216;0,370778031
China;0,898906364;0,547462699
China, Hong Kong Special Administrative Region;0,898906364;0,547462699
China, Macao Special Administrative Region;0;0,512032651
Christmas Island;0;0,451026724
Cocos (Keeling) Islands;0;0,451026724
Colombia;0,409710747;0,208340582
Comoros;0,752533333;0,589112107
Congo;0,659352483;0,40527115
Cook Islands;0,752533333;0,421724747
Costa Rica;0,107774211;0,038890543
Côte d’Ivoire;0,466263677;0,314232072
Croatia;0,294319252;0,167863171
Cuba;0,558948104;0,391164203
Curaçao;0,876473684;0,505734427
Cyprus;0,750578947;0,438030476
Czechia;0,901555749;0,461305321
Democratic People's Republic of Korea;0,754138043;0,359482503
Democratic Republic of the Congo;0;0,000373195
Denmark;0,361635607;0,155242152
Djibouti;0,752533333;0,575471004
Dominica;0,752533333;0,43287633
Dominican Republic;0,601242148;0,426219904
Ecuador;0,560272691;0,280029491
Egypt;0,553842266;0,405889371
El Salvador;0,547492105;0,274850089
Equatorial Guinea;0,632432849;0,361143915
Eritrea;0,915284211;0,703659096
Estonia;1,056938473;0,625150831
Eswatini;0;0,652072915
Ethiopia;0;0,000141375
Falkland Islands (Malvinas);0,752533333;0,315563878
Faroe Islands;0,752533333;0,320410674
Fiji;0,639653333;0,334447507
Finland;0,266650931;0,114077443
France;0,158139433;0,06762273
French Guiana;0,42342902;0,19963952
French Polynesia;0,752533333;0,412466922
French Southern Territories;0;0,422324473
Gabon;0,945814022;0,532934315
Gambia;0,752533333;0,590973629
Georgia;0,288875;0,135465798
Germany;0,64968994;0,312884484
Ghana;0,494760364;0,2759872
Gibraltar;0,778957895;0,368784881
Greece;0,507124581;0,345843656
Greenland;0,264012632;0,104815439
Grenada;0,752533333;0,522697286
Guadeloupe;0,752533333;0,432838164
Guam;0,752533333;0,427817516
Guatemala;0,797820217;0,427100282
Guernsey;0;0,256232249
Guinea;0,752533333;0,459553508
Guinea-Bissau;0,752533333;0,577226162
Guyana;0,846584505;0,615699575
Haiti;1,047684211;0,764613282
Heard Island and McDonald Islands;0;0,451026724
Holy See;0;0,256232249
Honduras;0,661514737;0,359087218
Hungary;0,295878672;0,191068122
Iceland;0;3,23143E-05
India;0,950921711;0,660987625
Indonesia;0,783467951;0,598914451
Iran;0,592097784;0,420915709
Iraq;1,080369236;0,787916719
Ireland;0,38023784;0,189481996
Isle of Man;0,436266667;0,204257857
Israel;0,394160831;0,258346013
Italy;0,414461574;0,223712437
Jamaica;0,710779862;0,497604153
Japan;0,471448682;0,286116936
Jersey;0;0,256232249
Jordan;0,528581155;0,381862799
Kazakhstan;0,79717512;0,532217704
Kenya;0,573978947;0,274258036
Kiribati;0,752533333;0,529624448
Kuwait;0,675149237;0,399769655
Kyrgyzstan;0,217146212;0,097720914
Lao People's Democratic Republic;1,06907234;0,554561912
Latvia;0,239853415;0,117206031
Lebanon;0,793957895;0,566985003
Lesotho;0;0,652072915
Liberia;0,67728;0,373913133
Libya;0,667519308;0,493336257
Liechtenstein;0,150506667;0,0521026
Lithuania;0,210537402;0,101844123
Luxembourg;0,22020818;0,095040592
Madagascar;0,875736842;0,567410923
Malawi;0,489146667;0,242731694
Malaysia;0,550988907;0,436192136
Maldives;0,752533333;0,524460283
Mali;1,076252632;0,623371676
Malta;0,519672572;0,294512406
Marshall Islands;0,752533333;0,560923261
Martinique;0,752533333;0,406428688
Mauritania;0,752533333;0,513120733
Mauritius;0,700446354;0,542762956
Mayotte;0,752533333;0,51198872
Mexico;0,531433524;0,360404369
Micronesia (Federated States of);0,752533333;0,556630589
Monaco;0,158139433;0,06762273
Mongolia;1,366325155;1,001951323
Montenegro;0,899157447;0,471043452
Montserrat;0,752533333;0,516986566
Morocco;0,728546549;0,546827115
Mozambique;0,233842605;0,110781715
Myanmar;0,719261625;0,406810169
Namibia;0,355024492;0,138577001
Nauru;0,752533333;0,520698921
Nepal;0;6,62768E-06
Netherlands;0,326085781;0,202902145
New Caledonia;0,779409091;0,445341116
New Zealand;0,246031606;0,107557645
Nicaragua;0,675274737;0,371972351
Niger;0,772105263;0,717898013
Nigeria;0,5259375;0,357595766
Niue;0,752533333;0,458847933
Norfolk Island;0;0,451026724
North Macedonia;0,850871231;0,562846006
Northern Mariana Islands;0,752533333;0,416245931
Norway;0,046648638;0,016926233
Oman;0,478684087;0,319620293
Pakistan;0,591916094;0,385584436
Palau;0,752533333;0,497194942
Panama;0,477484254;0,23033956
Papua New Guinea;0,597207018;0,31514071
Paraguay;0;1,45367E-05
Peru;0,473080447;0,252310241
Philippines;0,671623214;0,524986681
Pitcairn;0;0,451026724
Poland;0,828308082;0,532069278
Portugal;0,389253308;0,227742589
Puerto Rico;0,596401688;0,361616687
Qatar;0,502989583;0,258112057
Republic of Korea;0,555322134;0,329719747
Republic of Moldova;0,540871354;0,399258649
Réunion;0,772407843;0,420857981
Romania;0,489446719;0,289479547
Russian Federation;0,475674493;0,293797961
Rwanda;0,712281212;0,416009235
Saint Barthélemy;0;0,459107139
Saint Helena;0,752533333;0,456123011
Saint Kitts and Nevis;0,752533333;0,477086046
Saint Lucia;0,752533333;0,520907054
Saint Martin (French Part);0,752533333;0,483554954
Saint Pierre and Miquelon;0,752533333;0,414875249
Saint Vincent and the Grenadines;0,752533333;0,499248498
Samoa;0,752533333;0,434293725
San Marino;0,414461574;0,223712437
Sao Tome and Principe;0,752533333;0,564723314
Sark;0;0,256232249
Saudi Arabia;0,59170517;0,373685557
Senegal;0,870160145;0,656244546
Serbia;1,085581495;0,677729748
Seychelles;0,752533333;0,478789661
Sierra Leone;0,489146667;0,245928994
Singapore;0,378579422;0,199644432
Sint Maarten (Dutch part);0,752533333;0,463044313
Slovakia;0,331875458;0,163721257
Slovenia;0,619921613;0,284853962
Solomon Islands;0,752533333;0,562822936
Somalia;0,752533333;0,582292264
South Africa;1,070217831;0,747375689
South Georgia and the South Sandwich Islands;0;0,290027012
South Sudan;0,889810526;0,704050838
Spain;0,401730419;0,208698045
Sri Lanka;0,730745498;0,505854735
State of Palestine;0,718831579;0,516820633
Sudan;0,735546316;0,398171969
Suriname;1,028621053;0,564884959
Svalbard and Jan Mayen Islands;0;0,256232249
Sweden;0,067970851;0,025275304
Switzerland;0,048045691;0,020173191
Syrian Arab Republic;0,712512753;0,546479886
Tajikistan;0,255351064;0,105726421
Thailand;0,450490896;0,350711815
Timor-Leste;0,752533333;0,589213292
Togo;0,859253091;0,596766636
Tokelau;0;0,451026724
Tonga;0,752533333;0,532698416
Trinidad and Tobago;0,559286887;0,36974756
Tunisia;0,46773213;0,347802784
Turkey;0,376208504;0,308808921
Turkmenistan;0,927291667;0,675626724
Turks and Caicos Islands;0,752533333;0,450593473
Tuvalu;0,752533333;0,496517791
Uganda;0,279001579;0,11585259
Ukraine;0,768261043;0,434679519
United Arab Emirates;0,556482019;0,310400543
United Kingdom of Great Britain and Northern Ireland;0,380371224;0,186504518
United Republic of Tanzania;0,530539949;0,336049804
United States Minor Outlying Islands;0;0,451026724
United States of America;0,416428367;0,219616139
United States Virgin Islands;0,650305724;0,373014926
Uruguay;0,173958377;0,064828544
Uzbekistan;0,612283327;0,467372791
Vanuatu;0,752533333;0,504180727
Venezuela;0,710920391;0,367752189
Viet Nam;0,560441061;0,380807998
Wallis and Futuna Islands;0;0,451026724
Western Sahara;0;0,431564577
Yemen;0,807293194;0,614562133
Zambia;0,416408603;0,196991307
Zimbabwe;1,575300785;0,880253596