climate;moisture;emission_type;livestock_category_type;livestock_production_type;Lagoon;Liquid/slurry;Solid storage;Dry lot;Pasture/Range/Paddock;Daily spread;Digester;Burned for fuel;Pit<1Month;Pit>1 month;Poultry manure;Deep bedding;Composting;Aerobic treatment
Cool Temperate;Moist;N2O;Dairy Cattle;High-Productivity;0;0,003333333;0,0075;0,02;0,004;0;0,0006;;0,002;0,002;0,001;0,04;0,0065;0,0075
Cool Temperate;Dry;N2O;Dairy Cattle;High-Productivity;0;0,003333333;0,0075;0,02;0,002;0;0,0006;;0,002;0,002;0,001;0,04;0,0065;0,0075
Boreal;Moist;N2O;Dairy Cattle;High-Productivity;0;0,003333333;0,0075;0,02;0,004;0;0,0006;;0,002;0,002;0,001;0,04;0,0065;0,0075
Boreal;Dry;N2O;Dairy Cattle;High-Productivity;0;0,003333333;0,0075;0,02;0,002;0;0,0006;;0,002;0,002;0,001;0,04;0,0065;0,0075
Warm Temperate;Moist;N2O;Dairy Cattle;High-Productivity;0;0,003333333;0,0075;0,02;0,004;0;0,0006;;0,002;0,002;0,001;0,04;0,0065;0,0075
Warm Temperate;Dry;N2O;Dairy Cattle;High-Productivity;0;0,003333333;0,0075;0,02;0,002;0;0,0006;;0,002;0,002;0,001;0,04;0,0065;0,0075
Tropical;Montane;N2O;Dairy Cattle;High-Productivity;0;0,003333333;0,0075;0,02;0,002;0;0,0006;;0,002;0,002;0,001;0,04;0,0065;0,0075
Tropical;Wet;N2O;Dairy Cattle;High-Productivity;0;0,003333333;0,0075;0,02;0,006;0;0,0006;;0,002;0,002;0,001;0,04;0,0065;0,0075
Tropical;Moist;N2O;Dairy Cattle;High-Productivity;0;0,003333333;0,0075;0,02;0,004;0;0,0006;;0,002;0,002;0,001;0,04;0,0065;0,0075
Tropical;Dry;N2O;Dairy Cattle;High-Productivity;0;0,003333333;0,0075;0,02;0,002;0;0,0006;;0,002;0,002;0,001;0,04;0,0065;0,0075
Cool Temperate;Moist;N2O;Dairy Cattle;Low-Productivity;0;0,003333333;0,0075;0,02;0,004;0;0,0006;;0,002;0,002;0,001;0,04;0,0065;0,0075
Cool Temperate;Dry;N2O;Dairy Cattle;Low-Productivity;0;0,003333333;0,0075;0,02;0,002;0;0,0006;;0,002;0,002;0,001;0,04;0,0065;0,0075
Boreal;Moist;N2O;Dairy Cattle;Low-Productivity;0;0,003333333;0,0075;0,02;0,004;0;0,0006;;0,002;0,002;0,001;0,04;0,0065;0,0075
Boreal;Dry;N2O;Dairy Cattle;Low-Productivity;0;0,003333333;0,0075;0,02;0,002;0;0,0006;;0,002;0,002;0,001;0,04;0,0065;0,0075
Warm Temperate;Moist;N2O;Dairy Cattle;Low-Productivity;0;0,003333333;0,0075;0,02;0,004;0;0,0006;;0,002;0,002;0,001;0,04;0,0065;0,0075
Warm Temperate;Dry;N2O;Dairy Cattle;Low-Productivity;0;0,003333333;0,0075;0,02;0,002;0;0,0006;;0,002;0,002;0,001;0,04;0,0065;0,0075
Tropical;Montane;N2O;Dairy Cattle;Low-Productivity;0;0,003333333;0,0075;0,02;0,002;0;0,0006;;0,002;0,002;0,001;0,04;0,0065;0,0075
Tropical;Wet;N2O;Dairy Cattle;Low-Productivity;0;0,003333333;0,0075;0,02;0,006;0;0,0006;;0,002;0,002;0,001;0,04;0,0065;0,0075
Tropical;Moist;N2O;Dairy Cattle;Low-Productivity;0;0,003333333;0,0075;0,02;0,004;0;0,0006;;0,002;0,002;0,001;0,04;0,0065;0,0075
Tropical;Dry;N2O;Dairy Cattle;Low-Productivity;0;0,003333333;0,0075;0,02;0,002;0;0,0006;;0,002;0,002;0,001;0,04;0,0065;0,0075
Cool Temperate;Moist;N2O;Other Cattle;High-Productivity;0;0,003333333;0,0075;0,02;0,004;0;0,0006;;0,002;0,002;0,001;0,04;0,0065;0,0075
Cool Temperate;Dry;N2O;Other Cattle;High-Productivity;0;0,003333333;0,0075;0,02;0,002;0;0,0006;;0,002;0,002;0,001;0,04;0,0065;0,0075
Boreal;Moist;N2O;Other Cattle;High-Productivity;0;0,003333333;0,0075;0,02;0,004;0;0,0006;;0,002;0,002;0,001;0,04;0,0065;0,0075
Boreal;Dry;N2O;Other Cattle;High-Productivity;0;0,003333333;0,0075;0,02;0,002;0;0,0006;;0,002;0,002;0,001;0,04;0,0065;0,0075
Warm Temperate;Moist;N2O;Other Cattle;High-Productivity;0;0,003333333;0,0075;0,02;0,004;0;0,0006;;0,002;0,002;0,001;0,04;0,0065;0,0075
Warm Temperate;Dry;N2O;Other Cattle;High-Productivity;0;0,003333333;0,0075;0,02;0,002;0;0,0006;;0,002;0,002;0,001;0,04;0,0065;0,0075
Tropical;Montane;N2O;Other Cattle;High-Productivity;0;0,003333333;0,0075;0,02;0,002;0;0,0006;;0,002;0,002;0,001;0,04;0,0065;0,0075
Tropical;Wet;N2O;Other Cattle;High-Productivity;0;0,003333333;0,0075;0,02;0,006;0;0,0006;;0,002;0,002;0,001;0,04;0,0065;0,0075
Tropical;Moist;N2O;Other Cattle;High-Productivity;0;0,003333333;0,0075;0,02;0,004;0;0,0006;;0,002;0,002;0,001;0,04;0,0065;0,0075
Tropical;Dry;N2O;Other Cattle;High-Productivity;0;0,003333333;0,0075;0,02;0,002;0;0,0006;;0,002;0,002;0,001;0,04;0,0065;0,0075
Cool Temperate;Moist;N2O;Other Cattle;Low-Productivity;0;0,003333333;0,0075;0,02;0,004;0;0,0006;;0,002;0,002;0,001;0,04;0,0065;0,0075
Cool Temperate;Dry;N2O;Other Cattle;Low-Productivity;0;0,003333333;0,0075;0,02;0,002;0;0,0006;;0,002;0,002;0,001;0,04;0,0065;0,0075
Boreal;Moist;N2O;Other Cattle;Low-Productivity;0;0,003333333;0,0075;0,02;0,004;0;0,0006;;0,002;0,002;0,001;0,04;0,0065;0,0075
Boreal;Dry;N2O;Other Cattle;Low-Productivity;0;0,003333333;0,0075;0,02;0,002;0;0,0006;;0,002;0,002;0,001;0,04;0,0065;0,0075
Warm Temperate;Moist;N2O;Other Cattle;Low-Productivity;0;0,003333333;0,0075;0,02;0,004;0;0,0006;;0,002;0,002;0,001;0,04;0,0065;0,0075
Warm Temperate;Dry;N2O;Other Cattle;Low-Productivity;0;0,003333333;0,0075;0,02;0,002;0;0,0006;;0,002;0,002;0,001;0,04;0,0065;0,0075
Tropical;Montane;N2O;Other Cattle;Low-Productivity;0;0,003333333;0,0075;0,02;0,002;0;0,0006;;0,002;0,002;0,001;0,04;0,0065;0,0075
Tropical;Wet;N2O;Other Cattle;Low-Productivity;0;0,003333333;0,0075;0,02;0,006;0;0,0006;;0,002;0,002;0,001;0,04;0,0065;0,0075
Tropical;Moist;N2O;Other Cattle;Low-Productivity;0;0,003333333;0,0075;0,02;0,004;0;0,0006;;0,002;0,002;0,001;0,04;0,0065;0,0075
Tropical;Dry;N2O;Other Cattle;Low-Productivity;0;0,003333333;0,0075;0,02;0,002;0;0,0006;;0,002;0,002;0,001;0,04;0,0065;0,0075
Cool Temperate;Moist;N2O;Dairy Buffalo;High-Productivity;0;0,003333333;0,0075;0,02;0,004;0;0,0006;;0,002;0,002;0,001;0,04;0,0065;0,0075
Cool Temperate;Dry;N2O;Dairy Buffalo;High-Productivity;0;0,003333333;0,0075;0,02;0,002;0;0,0006;;0,002;0,002;0,001;0,04;0,0065;0,0075
Boreal;Moist;N2O;Dairy Buffalo;High-Productivity;0;0,003333333;0,0075;0,02;0,004;0;0,0006;;0,002;0,002;0,001;0,04;0,0065;0,0075
Boreal;Dry;N2O;Dairy Buffalo;High-Productivity;0;0,003333333;0,0075;0,02;0,002;0;0,0006;;0,002;0,002;0,001;0,04;0,0065;0,0075
Warm Temperate;Moist;N2O;Dairy Buffalo;High-Productivity;0;0,003333333;0,0075;0,02;0,004;0;0,0006;;0,002;0,002;0,001;0,04;0,0065;0,0075
Warm Temperate;Dry;N2O;Dairy Buffalo;High-Productivity;0;0,003333333;0,0075;0,02;0,002;0;0,0006;;0,002;0,002;0,001;0,04;0,0065;0,0075
Tropical;Montane;N2O;Dairy Buffalo;High-Productivity;0;0,003333333;0,0075;0,02;0,002;0;0,0006;;0,002;0,002;0,001;0,04;0,0065;0,0075
Tropical;Wet;N2O;Dairy Buffalo;High-Productivity;0;0,003333333;0,0075;0,02;0,006;0;0,0006;;0,002;0,002;0,001;0,04;0,0065;0,0075
Tropical;Moist;N2O;Dairy Buffalo;High-Productivity;0;0,003333333;0,0075;0,02;0,004;0;0,0006;;0,002;0,002;0,001;0,04;0,0065;0,0075
Tropical;Dry;N2O;Dairy Buffalo;High-Productivity;0;0,003333333;0,0075;0,02;0,002;0;0,0006;;0,002;0,002;0,001;0,04;0,0065;0,0075
Cool Temperate;Moist;N2O;Dairy Buffalo;Low-Productivity;0;0,003333333;0,0075;0,02;0,004;0;0,0006;;0,002;0,002;0,001;0,04;0,0065;0,0075
Cool Temperate;Dry;N2O;Dairy Buffalo;Low-Productivity;0;0,003333333;0,0075;0,02;0,002;0;0,0006;;0,002;0,002;0,001;0,04;0,0065;0,0075
Boreal;Moist;N2O;Dairy Buffalo;Low-Productivity;0;0,003333333;0,0075;0,02;0,004;0;0,0006;;0,002;0,002;0,001;0,04;0,0065;0,0075
Boreal;Dry;N2O;Dairy Buffalo;Low-Productivity;0;0,003333333;0,0075;0,02;0,002;0;0,0006;;0,002;0,002;0,001;0,04;0,0065;0,0075
Warm Temperate;Moist;N2O;Dairy Buffalo;Low-Productivity;0;0,003333333;0,0075;0,02;0,004;0;0,0006;;0,002;0,002;0,001;0,04;0,0065;0,0075
Warm Temperate;Dry;N2O;Dairy Buffalo;Low-Productivity;0;0,003333333;0,0075;0,02;0,002;0;0,0006;;0,002;0,002;0,001;0,04;0,0065;0,0075
Tropical;Montane;N2O;Dairy Buffalo;Low-Productivity;0;0,003333333;0,0075;0,02;0,002;0;0,0006;;0,002;0,002;0,001;0,04;0,0065;0,0075
Tropical;Wet;N2O;Dairy Buffalo;Low-Productivity;0;0,003333333;0,0075;0,02;0,006;0;0,0006;;0,002;0,002;0,001;0,04;0,0065;0,0075
Tropical;Moist;N2O;Dairy Buffalo;Low-Productivity;0;0,003333333;0,0075;0,02;0,004;0;0,0006;;0,002;0,002;0,001;0,04;0,0065;0,0075
Tropical;Dry;N2O;Dairy Buffalo;Low-Productivity;0;0,003333333;0,0075;0,02;0,002;0;0,0006;;0,002;0,002;0,001;0,04;0,0065;0,0075
Cool Temperate;Moist;N2O;Other Buffalo;High-Productivity;0;0,003333333;0,0075;0,02;0,004;0;0,0006;;0,002;0,002;0,001;0,04;0,0065;0,0075
Cool Temperate;Dry;N2O;Other Buffalo;High-Productivity;0;0,003333333;0,0075;0,02;0,002;0;0,0006;;0,002;0,002;0,001;0,04;0,0065;0,0075
Boreal;Moist;N2O;Other Buffalo;High-Productivity;0;0,003333333;0,0075;0,02;0,004;0;0,0006;;0,002;0,002;0,001;0,04;0,0065;0,0075
Boreal;Dry;N2O;Other Buffalo;High-Productivity;0;0,003333333;0,0075;0,02;0,002;0;0,0006;;0,002;0,002;0,001;0,04;0,0065;0,0075
Warm Temperate;Moist;N2O;Other Buffalo;High-Productivity;0;0,003333333;0,0075;0,02;0,004;0;0,0006;;0,002;0,002;0,001;0,04;0,0065;0,0075
Warm Temperate;Dry;N2O;Other Buffalo;High-Productivity;0;0,003333333;0,0075;0,02;0,002;0;0,0006;;0,002;0,002;0,001;0,04;0,0065;0,0075
Tropical;Montane;N2O;Other Buffalo;High-Productivity;0;0,003333333;0,0075;0,02;0,002;0;0,0006;;0,002;0,002;0,001;0,04;0,0065;0,0075
Tropical;Wet;N2O;Other Buffalo;High-Productivity;0;0,003333333;0,0075;0,02;0,006;0;0,0006;;0,002;0,002;0,001;0,04;0,0065;0,0075
Tropical;Moist;N2O;Other Buffalo;High-Productivity;0;0,003333333;0,0075;0,02;0,004;0;0,0006;;0,002;0,002;0,001;0,04;0,0065;0,0075
Tropical;Dry;N2O;Other Buffalo;High-Productivity;0;0,003333333;0,0075;0,02;0,002;0;0,0006;;0,002;0,002;0,001;0,04;0,0065;0,0075
Cool Temperate;Moist;N2O;Other Buffalo;Low-Productivity;0;0,003333333;0,0075;0,02;0,004;0;0,0006;;0,002;0,002;0,001;0,04;0,0065;0,0075
Cool Temperate;Dry;N2O;Other Buffalo;Low-Productivity;0;0,003333333;0,0075;0,02;0,002;0;0,0006;;0,002;0,002;0,001;0,04;0,0065;0,0075
Boreal;Moist;N2O;Other Buffalo;Low-Productivity;0;0,003333333;0,0075;0,02;0,004;0;0,0006;;0,002;0,002;0,001;0,04;0,0065;0,0075
Boreal;Dry;N2O;Other Buffalo;Low-Productivity;0;0,003333333;0,0075;0,02;0,002;0;0,0006;;0,002;0,002;0,001;0,04;0,0065;0,0075
Warm Temperate;Moist;N2O;Other Buffalo;Low-Productivity;0;0,003333333;0,0075;0,02;0,004;0;0,0006;;0,002;0,002;0,001;0,04;0,0065;0,0075
Warm Temperate;Dry;N2O;Other Buffalo;Low-Productivity;0;0,003333333;0,0075;0,02;0,002;0;0,0006;;0,002;0,002;0,001;0,04;0,0065;0,0075
Tropical;Montane;N2O;Other Buffalo;Low-Productivity;0;0,003333333;0,0075;0,02;0,002;0;0,0006;;0,002;0,002;0,001;0,04;0,0065;0,0075
Tropical;Wet;N2O;Other Buffalo;Low-Productivity;0;0,003333333;0,0075;0,02;0,006;0;0,0006;;0,002;0,002;0,001;0,04;0,0065;0,0075
Tropical;Moist;N2O;Other Buffalo;Low-Productivity;0;0,003333333;0,0075;0,02;0,004;0;0,0006;;0,002;0,002;0,001;0,04;0,0065;0,0075
Tropical;Dry;N2O;Other Buffalo;Low-Productivity;0;0,003333333;0,0075;0,02;0,002;0;0,0006;;0,002;0,002;0,001;0,04;0,0065;0,0075
Cool Temperate;Moist;N2O;Growing Swine;High-Productivity;0;0,003333333;0,0075;0,02;0,004;0;0,0006;;0,002;0,002;0,001;0,04;0,0065;0,0075
Cool Temperate;Dry;N2O;Growing Swine;High-Productivity;0;0,003333333;0,0075;0,02;0,002;0;0,0006;;0,002;0,002;0,001;0,04;0,0065;0,0075
Boreal;Moist;N2O;Growing Swine;High-Productivity;0;0,003333333;0,0075;0,02;0,004;0;0,0006;;0,002;0,002;0,001;0,04;0,0065;0,0075
Boreal;Dry;N2O;Growing Swine;High-Productivity;0;0,003333333;0,0075;0,02;0,002;0;0,0006;;0,002;0,002;0,001;0,04;0,0065;0,0075
Warm Temperate;Moist;N2O;Growing Swine;High-Productivity;0;0,003333333;0,0075;0,02;0,004;0;0,0006;;0,002;0,002;0,001;0,04;0,0065;0,0075
Warm Temperate;Dry;N2O;Growing Swine;High-Productivity;0;0,003333333;0,0075;0,02;0,002;0;0,0006;;0,002;0,002;0,001;0,04;0,0065;0,0075
Tropical;Montane;N2O;Growing Swine;High-Productivity;0;0,003333333;0,0075;0,02;0,002;0;0,0006;;0,002;0,002;0,001;0,04;0,0065;0,0075
Tropical;Wet;N2O;Growing Swine;High-Productivity;0;0,003333333;0,0075;0,02;0,006;0;0,0006;;0,002;0,002;0,001;0,04;0,0065;0,0075
Tropical;Moist;N2O;Growing Swine;High-Productivity;0;0,003333333;0,0075;0,02;0,004;0;0,0006;;0,002;0,002;0,001;0,04;0,0065;0,0075
Tropical;Dry;N2O;Growing Swine;High-Productivity;0;0,003333333;0,0075;0,02;0,002;0;0,0006;;0,002;0,002;0,001;0,04;0,0065;0,0075
Cool Temperate;Moist;N2O;Growing Swine;Low-Productivity;0;0,003333333;0,0075;0,02;0,004;0;0,0006;;0,002;0,002;0,001;0,04;0,0065;0,0075
Cool Temperate;Dry;N2O;Growing Swine;Low-Productivity;0;0,003333333;0,0075;0,02;0,002;0;0,0006;;0,002;0,002;0,001;0,04;0,0065;0,0075
Boreal;Moist;N2O;Growing Swine;Low-Productivity;0;0,003333333;0,0075;0,02;0,004;0;0,0006;;0,002;0,002;0,001;0,04;0,0065;0,0075
Boreal;Dry;N2O;Growing Swine;Low-Productivity;0;0,003333333;0,0075;0,02;0,002;0;0,0006;;0,002;0,002;0,001;0,04;0,0065;0,0075
Warm Temperate;Moist;N2O;Growing Swine;Low-Productivity;0;0,003333333;0,0075;0,02;0,004;0;0,0006;;0,002;0,002;0,001;0,04;0,0065;0,0075
Warm Temperate;Dry;N2O;Growing Swine;Low-Productivity;0;0,003333333;0,0075;0,02;0,002;0;0,0006;;0,002;0,002;0,001;0,04;0,0065;0,0075
Tropical;Montane;N2O;Growing Swine;Low-Productivity;0;0,003333333;0,0075;0,02;0,002;0;0,0006;;0,002;0,002;0,001;0,04;0,0065;0,0075
Tropical;Wet;N2O;Growing Swine;Low-Productivity;0;0,003333333;0,0075;0,02;0,006;0;0,0006;;0,002;0,002;0,001;0,04;0,0065;0,0075
Tropical;Moist;N2O;Growing Swine;Low-Productivity;0;0,003333333;0,0075;0,02;0,004;0;0,0006;;0,002;0,002;0,001;0,04;0,0065;0,0075
Tropical;Dry;N2O;Growing Swine;Low-Productivity;0;0,003333333;0,0075;0,02;0,002;0;0,0006;;0,002;0,002;0,001;0,04;0,0065;0,0075
Cool Temperate;Moist;N2O;Breeding Swine;High-Productivity;0;0,003333333;0,0075;0,02;0,004;0;0,0006;;0,002;0,002;0,001;0,04;0,0065;0,0075
Cool Temperate;Dry;N2O;Breeding Swine;High-Productivity;0;0,003333333;0,0075;0,02;0,002;0;0,0006;;0,002;0,002;0,001;0,04;0,0065;0,0075
Boreal;Moist;N2O;Breeding Swine;High-Productivity;0;0,003333333;0,0075;0,02;0,004;0;0,0006;;0,002;0,002;0,001;0,04;0,0065;0,0075
Boreal;Dry;N2O;Breeding Swine;High-Productivity;0;0,003333333;0,0075;0,02;0,002;0;0,0006;;0,002;0,002;0,001;0,04;0,0065;0,0075
Warm Temperate;Moist;N2O;Breeding Swine;High-Productivity;0;0,003333333;0,0075;0,02;0,004;0;0,0006;;0,002;0,002;0,001;0,04;0,0065;0,0075
Warm Temperate;Dry;N2O;Breeding Swine;High-Productivity;0;0,003333333;0,0075;0,02;0,002;0;0,0006;;0,002;0,002;0,001;0,04;0,0065;0,0075
Tropical;Montane;N2O;Breeding Swine;High-Productivity;0;0,003333333;0,0075;0,02;0,002;0;0,0006;;0,002;0,002;0,001;0,04;0,0065;0,0075
Tropical;Wet;N2O;Breeding Swine;High-Productivity;0;0,003333333;0,0075;0,02;0,006;0;0,0006;;0,002;0,002;0,001;0,04;0,0065;0,0075
Tropical;Moist;N2O;Breeding Swine;High-Productivity;0;0,003333333;0,0075;0,02;0,004;0;0,0006;;0,002;0,002;0,001;0,04;0,0065;0,0075
Tropical;Dry;N2O;Breeding Swine;High-Productivity;0;0,003333333;0,0075;0,02;0,002;0;0,0006;;0,002;0,002;0,001;0,04;0,0065;0,0075
Cool Temperate;Moist;N2O;Breeding Swine;Low-Productivity;0;0,003333333;0,0075;0,02;0,004;0;0,0006;;0,002;0,002;0,001;0,04;0,0065;0,0075
Cool Temperate;Dry;N2O;Breeding Swine;Low-Productivity;0;0,003333333;0,0075;0,02;0,002;0;0,0006;;0,002;0,002;0,001;0,04;0,0065;0,0075
Boreal;Moist;N2O;Breeding Swine;Low-Productivity;0;0,003333333;0,0075;0,02;0,004;0;0,0006;;0,002;0,002;0,001;0,04;0,0065;0,0075
Boreal;Dry;N2O;Breeding Swine;Low-Productivity;0;0,003333333;0,0075;0,02;0,002;0;0,0006;;0,002;0,002;0,001;0,04;0,0065;0,0075
Warm Temperate;Moist;N2O;Breeding Swine;Low-Productivity;0;0,003333333;0,0075;0,02;0,004;0;0,0006;;0,002;0,002;0,001;0,04;0,0065;0,0075
Warm Temperate;Dry;N2O;Breeding Swine;Low-Productivity;0;0,003333333;0,0075;0,02;0,002;0;0,0006;;0,002;0,002;0,001;0,04;0,0065;0,0075
Tropical;Montane;N2O;Breeding Swine;Low-Productivity;0;0,003333333;0,0075;0,02;0,002;0;0,0006;;0,002;0,002;0,001;0,04;0,0065;0,0075
Tropical;Wet;N2O;Breeding Swine;Low-Productivity;0;0,003333333;0,0075;0,02;0,006;0;0,0006;;0,002;0,002;0,001;0,04;0,0065;0,0075
Tropical;Moist;N2O;Breeding Swine;Low-Productivity;0;0,003333333;0,0075;0,02;0,004;0;0,0006;;0,002;0,002;0,001;0,04;0,0065;0,0075
Tropical;Dry;N2O;Breeding Swine;Low-Productivity;0;0,003333333;0,0075;0,02;0,002;0;0,0006;;0,002;0,002;0,001;0,04;0,0065;0,0075
Cool Temperate;Moist;N2O;Chicken Layer;High-Productivity;0;0,003333333;0,0075;0,02;0,004;0;0,0006;;0,002;0,002;0,001;0,04;0,0065;0,0075
Cool Temperate;Dry;N2O;Chicken Layer;High-Productivity;0;0,003333333;0,0075;0,02;0,002;0;0,0006;;0,002;0,002;0,001;0,04;0,0065;0,0075
Boreal;Moist;N2O;Chicken Layer;High-Productivity;0;0,003333333;0,0075;0,02;0,004;0;0,0006;;0,002;0,002;0,001;0,04;0,0065;0,0075
Boreal;Dry;N2O;Chicken Layer;High-Productivity;0;0,003333333;0,0075;0,02;0,002;0;0,0006;;0,002;0,002;0,001;0,04;0,0065;0,0075
Warm Temperate;Moist;N2O;Chicken Layer;High-Productivity;0;0,003333333;0,0075;0,02;0,004;0;0,0006;;0,002;0,002;0,001;0,04;0,0065;0,0075
Warm Temperate;Dry;N2O;Chicken Layer;High-Productivity;0;0,003333333;0,0075;0,02;0,002;0;0,0006;;0,002;0,002;0,001;0,04;0,0065;0,0075
Tropical;Montane;N2O;Chicken Layer;High-Productivity;0;0,003333333;0,0075;0,02;0,002;0;0,0006;;0,002;0,002;0,001;0,04;0,0065;0,0075
Tropical;Wet;N2O;Chicken Layer;High-Productivity;0;0,003333333;0,0075;0,02;0,006;0;0,0006;;0,002;0,002;0,001;0,04;0,0065;0,0075
Tropical;Moist;N2O;Chicken Layer;High-Productivity;0;0,003333333;0,0075;0,02;0,004;0;0,0006;;0,002;0,002;0,001;0,04;0,0065;0,0075
Tropical;Dry;N2O;Chicken Layer;High-Productivity;0;0,003333333;0,0075;0,02;0,002;0;0,0006;;0,002;0,002;0,001;0,04;0,0065;0,0075
Cool Temperate;Moist;N2O;Chicken Layer;Low-Productivity;0;0,003333333;0,0075;0,02;0,004;0;0,0006;;0,002;0,002;0,001;0,04;0,0065;0,0075
Cool Temperate;Dry;N2O;Chicken Layer;Low-Productivity;0;0,003333333;0,0075;0,02;0,002;0;0,0006;;0,002;0,002;0,001;0,04;0,0065;0,0075
Boreal;Moist;N2O;Chicken Layer;Low-Productivity;0;0,003333333;0,0075;0,02;0,004;0;0,0006;;0,002;0,002;0,001;0,04;0,0065;0,0075
Boreal;Dry;N2O;Chicken Layer;Low-Productivity;0;0,003333333;0,0075;0,02;0,002;0;0,0006;;0,002;0,002;0,001;0,04;0,0065;0,0075
Warm Temperate;Moist;N2O;Chicken Layer;Low-Productivity;0;0,003333333;0,0075;0,02;0,004;0;0,0006;;0,002;0,002;0,001;0,04;0,0065;0,0075
Warm Temperate;Dry;N2O;Chicken Layer;Low-Productivity;0;0,003333333;0,0075;0,02;0,002;0;0,0006;;0,002;0,002;0,001;0,04;0,0065;0,0075
Tropical;Montane;N2O;Chicken Layer;Low-Productivity;0;0,003333333;0,0075;0,02;0,002;0;0,0006;;0,002;0,002;0,001;0,04;0,0065;0,0075
Tropical;Wet;N2O;Chicken Layer;Low-Productivity;0;0,003333333;0,0075;0,02;0,006;0;0,0006;;0,002;0,002;0,001;0,04;0,0065;0,0075
Tropical;Moist;N2O;Chicken Layer;Low-Productivity;0;0,003333333;0,0075;0,02;0,004;0;0,0006;;0,002;0,002;0,001;0,04;0,0065;0,0075
Tropical;Dry;N2O;Chicken Layer;Low-Productivity;0;0,003333333;0,0075;0,02;0,002;0;0,0006;;0,002;0,002;0,001;0,04;0,0065;0,0075
Cool Temperate;Moist;N2O;Chicken Broiler;High-Productivity;0;0,003333333;0,0075;0,02;0,004;0;0,0006;;0,002;0,002;0,001;0,04;0,0065;0,0075
Cool Temperate;Dry;N2O;Chicken Broiler;High-Productivity;0;0,003333333;0,0075;0,02;0,002;0;0,0006;;0,002;0,002;0,001;0,04;0,0065;0,0075
Boreal;Moist;N2O;Chicken Broiler;High-Productivity;0;0,003333333;0,0075;0,02;0,004;0;0,0006;;0,002;0,002;0,001;0,04;0,0065;0,0075
Boreal;Dry;N2O;Chicken Broiler;High-Productivity;0;0,003333333;0,0075;0,02;0,002;0;0,0006;;0,002;0,002;0,001;0,04;0,0065;0,0075
Warm Temperate;Moist;N2O;Chicken Broiler;High-Productivity;0;0,003333333;0,0075;0,02;0,004;0;0,0006;;0,002;0,002;0,001;0,04;0,0065;0,0075
Warm Temperate;Dry;N2O;Chicken Broiler;High-Productivity;0;0,003333333;0,0075;0,02;0,002;0;0,0006;;0,002;0,002;0,001;0,04;0,0065;0,0075
Tropical;Montane;N2O;Chicken Broiler;High-Productivity;0;0,003333333;0,0075;0,02;0,002;0;0,0006;;0,002;0,002;0,001;0,04;0,0065;0,0075
Tropical;Wet;N2O;Chicken Broiler;High-Productivity;0;0,003333333;0,0075;0,02;0,006;0;0,0006;;0,002;0,002;0,001;0,04;0,0065;0,0075
Tropical;Moist;N2O;Chicken Broiler;High-Productivity;0;0,003333333;0,0075;0,02;0,004;0;0,0006;;0,002;0,002;0,001;0,04;0,0065;0,0075
Tropical;Dry;N2O;Chicken Broiler;High-Productivity;0;0,003333333;0,0075;0,02;0,002;0;0,0006;;0,002;0,002;0,001;0,04;0,0065;0,0075
Cool Temperate;Moist;N2O;Chicken Broiler;Low-Productivity;0;0,003333333;0,0075;0,02;0,004;0;0,0006;;0,002;0,002;0,001;0,04;0,0065;0,0075
Cool Temperate;Dry;N2O;Chicken Broiler;Low-Productivity;0;0,003333333;0,0075;0,02;0,002;0;0,0006;;0,002;0,002;0,001;0,04;0,0065;0,0075
Boreal;Moist;N2O;Chicken Broiler;Low-Productivity;0;0,003333333;0,0075;0,02;0,004;0;0,0006;;0,002;0,002;0,001;0,04;0,0065;0,0075
Boreal;Dry;N2O;Chicken Broiler;Low-Productivity;0;0,003333333;0,0075;0,02;0,002;0;0,0006;;0,002;0,002;0,001;0,04;0,0065;0,0075
Warm Temperate;Moist;N2O;Chicken Broiler;Low-Productivity;0;0,003333333;0,0075;0,02;0,004;0;0,0006;;0,002;0,002;0,001;0,04;0,0065;0,0075
Warm Temperate;Dry;N2O;Chicken Broiler;Low-Productivity;0;0,003333333;0,0075;0,02;0,002;0;0,0006;;0,002;0,002;0,001;0,04;0,0065;0,0075
Tropical;Montane;N2O;Chicken Broiler;Low-Productivity;0;0,003333333;0,0075;0,02;0,002;0;0,0006;;0,002;0,002;0,001;0,04;0,0065;0,0075
Tropical;Wet;N2O;Chicken Broiler;Low-Productivity;0;0,003333333;0,0075;0,02;0,006;0;0,0006;;0,002;0,002;0,001;0,04;0,0065;0,0075
Tropical;Moist;N2O;Chicken Broiler;Low-Productivity;0;0,003333333;0,0075;0,02;0,004;0;0,0006;;0,002;0,002;0,001;0,04;0,0065;0,0075
Tropical;Dry;N2O;Chicken Broiler;Low-Productivity;0;0,003333333;0,0075;0,02;0,002;0;0,0006;;0,002;0,002;0,001;0,04;0,0065;0,0075
Cool Temperate;Moist;N2O;Dairy Sheep;High-Productivity;0;0,003333333;0,01;0,02;0,003;0;0,0006;;0,002;0,002;0,001;0,04;0,0065;0,03
Cool Temperate;Dry;N2O;Dairy Sheep;High-Productivity;0;0,003333333;0,01;0,02;0,003;0;0,0006;;0,002;0,002;0,001;0,04;0,0065;0,03
Boreal;Moist;N2O;Dairy Sheep;High-Productivity;0;0,003333333;0,01;0,02;0,003;0;0,0006;;0,002;0,002;0,001;0,04;0,0065;0,03
Boreal;Dry;N2O;Dairy Sheep;High-Productivity;0;0,003333333;0,01;0,02;0,003;0;0,0006;;0,002;0,002;0,001;0,04;0,0065;0,03
Warm Temperate;Moist;N2O;Dairy Sheep;High-Productivity;0;0,003333333;0,01;0,02;0,003;0;0,0006;;0,002;0,002;0,001;0,04;0,0065;0,03
Warm Temperate;Dry;N2O;Dairy Sheep;High-Productivity;0;0,003333333;0,01;0,02;0,003;0;0,0006;;0,002;0,002;0,001;0,04;0,0065;0,03
Tropical;Montane;N2O;Dairy Sheep;High-Productivity;0;0,003333333;0,01;0,02;0,003;0;0,0006;;0,002;0,002;0,001;0,04;0,0065;0,03
Tropical;Wet;N2O;Dairy Sheep;High-Productivity;0;0,003333333;0,01;0,02;0,003;0;0,0006;;0,002;0,002;0,001;0,04;0,0065;0,03
Tropical;Moist;N2O;Dairy Sheep;High-Productivity;0;0,003333333;0,01;0,02;0,003;0;0,0006;;0,002;0,002;0,001;0,04;0,0065;0,03
Tropical;Dry;N2O;Dairy Sheep;High-Productivity;0;0,003333333;0,01;0,02;0,003;0;0,0006;;0,002;0,002;0,001;0,04;0,0065;0,03
Cool Temperate;Moist;N2O;Dairy Sheep;Low-Productivity;0;0,003333333;0,01;0,02;0,003;0;0,0006;;0,002;0,002;0,001;0,04;0,0065;0,03
Cool Temperate;Dry;N2O;Dairy Sheep;Low-Productivity;0;0,003333333;0,01;0,02;0,003;0;0,0006;;0,002;0,002;0,001;0,04;0,0065;0,03
Boreal;Moist;N2O;Dairy Sheep;Low-Productivity;0;0,003333333;0,01;0,02;0,003;0;0,0006;;0,002;0,002;0,001;0,04;0,0065;0,03
Boreal;Dry;N2O;Dairy Sheep;Low-Productivity;0;0,003333333;0,01;0,02;0,003;0;0,0006;;0,002;0,002;0,001;0,04;0,0065;0,03
Warm Temperate;Moist;N2O;Dairy Sheep;Low-Productivity;0;0,003333333;0,01;0,02;0,003;0;0,0006;;0,002;0,002;0,001;0,04;0,0065;0,03
Warm Temperate;Dry;N2O;Dairy Sheep;Low-Productivity;0;0,003333333;0,01;0,02;0,003;0;0,0006;;0,002;0,002;0,001;0,04;0,0065;0,03
Tropical;Montane;N2O;Dairy Sheep;Low-Productivity;0;0,003333333;0,01;0,02;0,003;0;0,0006;;0,002;0,002;0,001;0,04;0,0065;0,03
Tropical;Wet;N2O;Dairy Sheep;Low-Productivity;0;0,003333333;0,01;0,02;0,003;0;0,0006;;0,002;0,002;0,001;0,04;0,0065;0,03
Tropical;Moist;N2O;Dairy Sheep;Low-Productivity;0;0,003333333;0,01;0,02;0,003;0;0,0006;;0,002;0,002;0,001;0,04;0,0065;0,03
Tropical;Dry;N2O;Dairy Sheep;Low-Productivity;0;0,003333333;0,01;0,02;0,003;0;0,0006;;0,002;0,002;0,001;0,04;0,0065;0,03
Cool Temperate;Moist;N2O;Other Sheep;High-Productivity;0;0,003333333;0,01;0,02;0,003;0;0,0006;;0,002;0,002;0,001;0,04;0,0065;0,03
Cool Temperate;Dry;N2O;Other Sheep;High-Productivity;0;0,003333333;0,01;0,02;0,003;0;0,0006;;0,002;0,002;0,001;0,04;0,0065;0,03
Boreal;Moist;N2O;Other Sheep;High-Productivity;0;0,003333333;0,01;0,02;0,003;0;0,0006;;0,002;0,002;0,001;0,04;0,0065;0,03
Boreal;Dry;N2O;Other Sheep;High-Productivity;0;0,003333333;0,01;0,02;0,003;0;0,0006;;0,002;0,002;0,001;0,04;0,0065;0,03
Warm Temperate;Moist;N2O;Other Sheep;High-Productivity;0;0,003333333;0,01;0,02;0,003;0;0,0006;;0,002;0,002;0,001;0,04;0,0065;0,03
Warm Temperate;Dry;N2O;Other Sheep;High-Productivity;0;0,003333333;0,01;0,02;0,003;0;0,0006;;0,002;0,002;0,001;0,04;0,0065;0,03
Tropical;Montane;N2O;Other Sheep;High-Productivity;0;0,003333333;0,01;0,02;0,003;0;0,0006;;0,002;0,002;0,001;0,04;0,0065;0,03
Tropical;Wet;N2O;Other Sheep;High-Productivity;0;0,003333333;0,01;0,02;0,003;0;0,0006;;0,002;0,002;0,001;0,04;0,0065;0,03
Tropical;Moist;N2O;Other Sheep;High-Productivity;0;0,003333333;0,01;0,02;0,003;0;0,0006;;0,002;0,002;0,001;0,04;0,0065;0,03
Tropical;Dry;N2O;Other Sheep;High-Productivity;0;0,003333333;0,01;0,02;0,003;0;0,0006;;0,002;0,002;0,001;0,04;0,0065;0,03
Cool Temperate;Moist;N2O;Other Sheep;Low-Productivity;0;0,003333333;0,01;0,02;0,003;0;0,0006;;0,002;0,002;0,001;0,04;0,0065;0,03
Cool Temperate;Dry;N2O;Other Sheep;Low-Productivity;0;0,003333333;0,01;0,02;0,003;0;0,0006;;0,002;0,002;0,001;0,04;0,0065;0,03
Boreal;Moist;N2O;Other Sheep;Low-Productivity;0;0,003333333;0,01;0,02;0,003;0;0,0006;;0,002;0,002;0,001;0,04;0,0065;0,03
Boreal;Dry;N2O;Other Sheep;Low-Productivity;0;0,003333333;0,01;0,02;0,003;0;0,0006;;0,002;0,002;0,001;0,04;0,0065;0,03
Warm Temperate;Moist;N2O;Other Sheep;Low-Productivity;0;0,003333333;0,01;0,02;0,003;0;0,0006;;0,002;0,002;0,001;0,04;0,0065;0,03
Warm Temperate;Dry;N2O;Other Sheep;Low-Productivity;0;0,003333333;0,01;0,02;0,003;0;0,0006;;0,002;0,002;0,001;0,04;0,0065;0,03
Tropical;Montane;N2O;Other Sheep;Low-Productivity;0;0,003333333;0,01;0,02;0,003;0;0,0006;;0,002;0,002;0,001;0,04;0,0065;0,03
Tropical;Wet;N2O;Other Sheep;Low-Productivity;0;0,003333333;0,01;0,02;0,003;0;0,0006;;0,002;0,002;0,001;0,04;0,0065;0,03
Tropical;Moist;N2O;Other Sheep;Low-Productivity;0;0,003333333;0,01;0,02;0,003;0;0,0006;;0,002;0,002;0,001;0,04;0,0065;0,03
Tropical;Dry;N2O;Other Sheep;Low-Productivity;0;0,003333333;0,01;0,02;0,003;0;0,0006;;0,002;0,002;0,001;0,04;0,0065;0,03
Cool Temperate;Moist;N2O;Goats;High-Productivity;0;0,003333333;0,01;0,02;0,003;0;0,0006;;0,002;0,002;0,001;0,04;0,0065;0,03
Cool Temperate;Dry;N2O;Goats;High-Productivity;0;0,003333333;0,01;0,02;0,003;0;0,0006;;0,002;0,002;0,001;0,04;0,0065;0,03
Boreal;Moist;N2O;Goats;High-Productivity;0;0,003333333;0,01;0,02;0,003;0;0,0006;;0,002;0,002;0,001;0,04;0,0065;0,03
Boreal;Dry;N2O;Goats;High-Productivity;0;0,003333333;0,01;0,02;0,003;0;0,0006;;0,002;0,002;0,001;0,04;0,0065;0,03
Warm Temperate;Moist;N2O;Goats;High-Productivity;0;0,003333333;0,01;0,02;0,003;0;0,0006;;0,002;0,002;0,001;0,04;0,0065;0,03
Warm Temperate;Dry;N2O;Goats;High-Productivity;0;0,003333333;0,01;0,02;0,003;0;0,0006;;0,002;0,002;0,001;0,04;0,0065;0,03
Tropical;Montane;N2O;Goats;High-Productivity;0;0,003333333;0,01;0,02;0,003;0;0,0006;;0,002;0,002;0,001;0,04;0,0065;0,03
Tropical;Wet;N2O;Goats;High-Productivity;0;0,003333333;0,01;0,02;0,003;0;0,0006;;0,002;0,002;0,001;0,04;0,0065;0,03
Tropical;Moist;N2O;Goats;High-Productivity;0;0,003333333;0,01;0,02;0,003;0;0,0006;;0,002;0,002;0,001;0,04;0,0065;0,03
Tropical;Dry;N2O;Goats;High-Productivity;0;0,003333333;0,01;0,02;0,003;0;0,0006;;0,002;0,002;0,001;0,04;0,0065;0,03
Cool Temperate;Moist;N2O;Goats;Low-Productivity;0;0,003333333;0,01;0,02;0,003;0;0,0006;;0,002;0,002;0,001;0,04;0,0065;0,03
Cool Temperate;Dry;N2O;Goats;Low-Productivity;0;0,003333333;0,01;0,02;0,003;0;0,0006;;0,002;0,002;0,001;0,04;0,0065;0,03
Boreal;Moist;N2O;Goats;Low-Productivity;0;0,003333333;0,01;0,02;0,003;0;0,0006;;0,002;0,002;0,001;0,04;0,0065;0,03
Boreal;Dry;N2O;Goats;Low-Productivity;0;0,003333333;0,01;0,02;0,003;0;0,0006;;0,002;0,002;0,001;0,04;0,0065;0,03
Warm Temperate;Moist;N2O;Goats;Low-Productivity;0;0,003333333;0,01;0,02;0,003;0;0,0006;;0,002;0,002;0,001;0,04;0,0065;0,03
Warm Temperate;Dry;N2O;Goats;Low-Productivity;0;0,003333333;0,01;0,02;0,003;0;0,0006;;0,002;0,002;0,001;0,04;0,0065;0,03
Tropical;Montane;N2O;Goats;Low-Productivity;0;0,003333333;0,01;0,02;0,003;0;0,0006;;0,002;0,002;0,001;0,04;0,0065;0,03
Tropical;Wet;N2O;Goats;Low-Productivity;0;0,003333333;0,01;0,02;0,003;0;0,0006;;0,002;0,002;0,001;0,04;0,0065;0,03
Tropical;Moist;N2O;Goats;Low-Productivity;0;0,003333333;0,01;0,02;0,003;0;0,0006;;0,002;0,002;0,001;0,04;0,0065;0,03
Tropical;Dry;N2O;Goats;Low-Productivity;0;0,003333333;0,01;0,02;0,003;0;0,0006;;0,002;0,002;0,001;0,04;0,0065;0,03
Cool Temperate;Moist;N2O;Camels;High-Productivity;0;0,003333333;0,01;0,02;0,003;0;0,0006;;0,002;0,002;0,001;0,04;0,0065;0,03
Cool Temperate;Dry;N2O;Camels;High-Productivity;0;0,003333333;0,01;0,02;0,003;0;0,0006;;0,002;0,002;0,001;0,04;0,0065;0,03
Boreal;Moist;N2O;Camels;High-Productivity;0;0,003333333;0,01;0,02;0,003;0;0,0006;;0,002;0,002;0,001;0,04;0,0065;0,03
Boreal;Dry;N2O;Camels;High-Productivity;0;0,003333333;0,01;0,02;0,003;0;0,0006;;0,002;0,002;0,001;0,04;0,0065;0,03
Warm Temperate;Moist;N2O;Camels;High-Productivity;0;0,003333333;0,01;0,02;0,003;0;0,0006;;0,002;0,002;0,001;0,04;0,0065;0,03
Warm Temperate;Dry;N2O;Camels;High-Productivity;0;0,003333333;0,01;0,02;0,003;0;0,0006;;0,002;0,002;0,001;0,04;0,0065;0,03
Tropical;Montane;N2O;Camels;High-Productivity;0;0,003333333;0,01;0,02;0,003;0;0,0006;;0,002;0,002;0,001;0,04;0,0065;0,03
Tropical;Wet;N2O;Camels;High-Productivity;0;0,003333333;0,01;0,02;0,003;0;0,0006;;0,002;0,002;0,001;0,04;0,0065;0,03
Tropical;Moist;N2O;Camels;High-Productivity;0;0,003333333;0,01;0,02;0,003;0;0,0006;;0,002;0,002;0,001;0,04;0,0065;0,03
Tropical;Dry;N2O;Camels;High-Productivity;0;0,003333333;0,01;0,02;0,003;0;0,0006;;0,002;0,002;0,001;0,04;0,0065;0,03
Cool Temperate;Moist;N2O;Camels;Low-Productivity;0;0,003333333;0,01;0,02;0,003;0;0,0006;;0,002;0,002;0,001;0,04;0,0065;0,03
Cool Temperate;Dry;N2O;Camels;Low-Productivity;0;0,003333333;0,01;0,02;0,003;0;0,0006;;0,002;0,002;0,001;0,04;0,0065;0,03
Boreal;Moist;N2O;Camels;Low-Productivity;0;0,003333333;0,01;0,02;0,003;0;0,0006;;0,002;0,002;0,001;0,04;0,0065;0,03
Boreal;Dry;N2O;Camels;Low-Productivity;0;0,003333333;0,01;0,02;0,003;0;0,0006;;0,002;0,002;0,001;0,04;0,0065;0,03
Warm Temperate;Moist;N2O;Camels;Low-Productivity;0;0,003333333;0,01;0,02;0,003;0;0,0006;;0,002;0,002;0,001;0,04;0,0065;0,03
Warm Temperate;Dry;N2O;Camels;Low-Productivity;0;0,003333333;0,01;0,02;0,003;0;0,0006;;0,002;0,002;0,001;0,04;0,0065;0,03
Tropical;Montane;N2O;Camels;Low-Productivity;0;0,003333333;0,01;0,02;0,003;0;0,0006;;0,002;0,002;0,001;0,04;0,0065;0,03
Tropical;Wet;N2O;Camels;Low-Productivity;0;0,003333333;0,01;0,02;0,003;0;0,0006;;0,002;0,002;0,001;0,04;0,0065;0,03
Tropical;Moist;N2O;Camels;Low-Productivity;0;0,003333333;0,01;0,02;0,003;0;0,0006;;0,002;0,002;0,001;0,04;0,0065;0,03
Tropical;Dry;N2O;Camels;Low-Productivity;0;0,003333333;0,01;0,02;0,003;0;0,0006;;0,002;0,002;0,001;0,04;0,0065;0,03
Cool Temperate;Moist;N2O;Horses;High-Productivity;0;0,003333333;0,01;0,02;0,003;0;0,0006;;0,002;0,002;0,001;0,04;0,0065;0,03
Cool Temperate;Dry;N2O;Horses;High-Productivity;0;0,003333333;0,01;0,02;0,003;0;0,0006;;0,002;0,002;0,001;0,04;0,0065;0,03
Boreal;Moist;N2O;Horses;High-Productivity;0;0,003333333;0,01;0,02;0,003;0;0,0006;;0,002;0,002;0,001;0,04;0,0065;0,03
Boreal;Dry;N2O;Horses;High-Productivity;0;0,003333333;0,01;0,02;0,003;0;0,0006;;0,002;0,002;0,001;0,04;0,0065;0,03
Warm Temperate;Moist;N2O;Horses;High-Productivity;0;0,003333333;0,01;0,02;0,003;0;0,0006;;0,002;0,002;0,001;0,04;0,0065;0,03
Warm Temperate;Dry;N2O;Horses;High-Productivity;0;0,003333333;0,01;0,02;0,003;0;0,0006;;0,002;0,002;0,001;0,04;0,0065;0,03
Tropical;Montane;N2O;Horses;High-Productivity;0;0,003333333;0,01;0,02;0,003;0;0,0006;;0,002;0,002;0,001;0,04;0,0065;0,03
Tropical;Wet;N2O;Horses;High-Productivity;0;0,003333333;0,01;0,02;0,003;0;0,0006;;0,002;0,002;0,001;0,04;0,0065;0,03
Tropical;Moist;N2O;Horses;High-Productivity;0;0,003333333;0,01;0,02;0,003;0;0,0006;;0,002;0,002;0,001;0,04;0,0065;0,03
Tropical;Dry;N2O;Horses;High-Productivity;0;0,003333333;0,01;0,02;0,003;0;0,0006;;0,002;0,002;0,001;0,04;0,0065;0,03
Cool Temperate;Moist;N2O;Horses;Low-Productivity;0;0,003333333;0,01;0,02;0,003;0;0,0006;;0,002;0,002;0,001;0,04;0,0065;0,03
Cool Temperate;Dry;N2O;Horses;Low-Productivity;0;0,003333333;0,01;0,02;0,003;0;0,0006;;0,002;0,002;0,001;0,04;0,0065;0,03
Boreal;Moist;N2O;Horses;Low-Productivity;0;0,003333333;0,01;0,02;0,003;0;0,0006;;0,002;0,002;0,001;0,04;0,0065;0,03
Boreal;Dry;N2O;Horses;Low-Productivity;0;0,003333333;0,01;0,02;0,003;0;0,0006;;0,002;0,002;0,001;0,04;0,0065;0,03
Warm Temperate;Moist;N2O;Horses;Low-Productivity;0;0,003333333;0,01;0,02;0,003;0;0,0006;;0,002;0,002;0,001;0,04;0,0065;0,03
Warm Temperate;Dry;N2O;Horses;Low-Productivity;0;0,003333333;0,01;0,02;0,003;0;0,0006;;0,002;0,002;0,001;0,04;0,0065;0,03
Tropical;Montane;N2O;Horses;Low-Productivity;0;0,003333333;0,01;0,02;0,003;0;0,0006;;0,002;0,002;0,001;0,04;0,0065;0,03
Tropical;Wet;N2O;Horses;Low-Productivity;0;0,003333333;0,01;0,02;0,003;0;0,0006;;0,002;0,002;0,001;0,04;0,0065;0,03
Tropical;Moist;N2O;Horses;Low-Productivity;0;0,003333333;0,01;0,02;0,003;0;0,0006;;0,002;0,002;0,001;0,04;0,0065;0,03
Tropical;Dry;N2O;Horses;Low-Productivity;0;0,003333333;0,01;0,02;0,003;0;0,0006;;0,002;0,002;0,001;0,04;0,0065;0,03
Cool Temperate;Moist;N2O;Mules And Asses;High-Productivity;0;0,003333333;0,01;0,02;0,003;0;0,0006;;0,002;0,002;0,001;0,04;0,0065;0,03
Cool Temperate;Dry;N2O;Mules And Asses;High-Productivity;0;0,003333333;0,01;0,02;0,003;0;0,0006;;0,002;0,002;0,001;0,04;0,0065;0,03
Boreal;Moist;N2O;Mules And Asses;High-Productivity;0;0,003333333;0,01;0,02;0,003;0;0,0006;;0,002;0,002;0,001;0,04;0,0065;0,03
Boreal;Dry;N2O;Mules And Asses;High-Productivity;0;0,003333333;0,01;0,02;0,003;0;0,0006;;0,002;0,002;0,001;0,04;0,0065;0,03
Warm Temperate;Moist;N2O;Mules And Asses;High-Productivity;0;0,003333333;0,01;0,02;0,003;0;0,0006;;0,002;0,002;0,001;0,04;0,0065;0,03
Warm Temperate;Dry;N2O;Mules And Asses;High-Productivity;0;0,003333333;0,01;0,02;0,003;0;0,0006;;0,002;0,002;0,001;0,04;0,0065;0,03
Tropical;Montane;N2O;Mules And Asses;High-Productivity;0;0,003333333;0,01;0,02;0,003;0;0,0006;;0,002;0,002;0,001;0,04;0,0065;0,03
Tropical;Wet;N2O;Mules And Asses;High-Productivity;0;0,003333333;0,01;0,02;0,003;0;0,0006;;0,002;0,002;0,001;0,04;0,0065;0,03
Tropical;Moist;N2O;Mules And Asses;High-Productivity;0;0,003333333;0,01;0,02;0,003;0;0,0006;;0,002;0,002;0,001;0,04;0,0065;0,03
Tropical;Dry;N2O;Mules And Asses;High-Productivity;0;0,003333333;0,01;0,02;0,003;0;0,0006;;0,002;0,002;0,001;0,04;0,0065;0,03
Cool Temperate;Moist;N2O;Mules And Asses;Low-Productivity;0;0,003333333;0,01;0,02;0,003;0;0,0006;;0,002;0,002;0,001;0,04;0,0065;0,03
Cool Temperate;Dry;N2O;Mules And Asses;Low-Productivity;0;0,003333333;0,01;0,02;0,003;0;0,0006;;0,002;0,002;0,001;0,04;0,0065;0,03
Boreal;Moist;N2O;Mules And Asses;Low-Productivity;0;0,003333333;0,01;0,02;0,003;0;0,0006;;0,002;0,002;0,001;0,04;0,0065;0,03
Boreal;Dry;N2O;Mules And Asses;Low-Productivity;0;0,003333333;0,01;0,02;0,003;0;0,0006;;0,002;0,002;0,001;0,04;0,0065;0,03
Warm Temperate;Moist;N2O;Mules And Asses;Low-Productivity;0;0,003333333;0,01;0,02;0,003;0;0,0006;;0,002;0,002;0,001;0,04;0,0065;0,03
Warm Temperate;Dry;N2O;Mules And Asses;Low-Productivity;0;0,003333333;0,01;0,02;0,003;0;0,0006;;0,002;0,002;0,001;0,04;0,0065;0,03
Tropical;Montane;N2O;Mules And Asses;Low-Productivity;0;0,003333333;0,01;0,02;0,003;0;0,0006;;0,002;0,002;0,001;0,04;0,0065;0,03
Tropical;Wet;N2O;Mules And Asses;Low-Productivity;0;0,003333333;0,01;0,02;0,003;0;0,0006;;0,002;0,002;0,001;0,04;0,0065;0,03
Tropical;Moist;N2O;Mules And Asses;Low-Productivity;0;0,003333333;0,01;0,02;0,003;0;0,0006;;0,002;0,002;0,001;0,04;0,0065;0,03
Tropical;Dry;N2O;Mules And Asses;Low-Productivity;0;0,003333333;0,01;0,02;0,003;0;0,0006;;0,002;0,002;0,001;0,04;0,0065;0,03
Cool Temperate;Moist;N2O;Deer;High-Productivity;0;0,003333333;0,01;0,02;0,003;0;0,0006;;0,002;0,002;0,001;0,04;0,0065;0,03
Cool Temperate;Dry;N2O;Deer;High-Productivity;0;0,003333333;0,01;0,02;0,003;0;0,0006;;0,002;0,002;0,001;0,04;0,0065;0,03
Boreal;Moist;N2O;Deer;High-Productivity;0;0,003333333;0,01;0,02;0,003;0;0,0006;;0,002;0,002;0,001;0,04;0,0065;0,03
Boreal;Dry;N2O;Deer;High-Productivity;0;0,003333333;0,01;0,02;0,003;0;0,0006;;0,002;0,002;0,001;0,04;0,0065;0,03
Warm Temperate;Moist;N2O;Deer;High-Productivity;0;0,003333333;0,01;0,02;0,003;0;0,0006;;0,002;0,002;0,001;0,04;0,0065;0,03
Warm Temperate;Dry;N2O;Deer;High-Productivity;0;0,003333333;0,01;0,02;0,003;0;0,0006;;0,002;0,002;0,001;0,04;0,0065;0,03
Tropical;Montane;N2O;Deer;High-Productivity;0;0,003333333;0,01;0,02;0,003;0;0,0006;;0,002;0,002;0,001;0,04;0,0065;0,03
Tropical;Wet;N2O;Deer;High-Productivity;0;0,003333333;0,01;0,02;0,003;0;0,0006;;0,002;0,002;0,001;0,04;0,0065;0,03
Tropical;Moist;N2O;Deer;High-Productivity;0;0,003333333;0,01;0,02;0,003;0;0,0006;;0,002;0,002;0,001;0,04;0,0065;0,03
Tropical;Dry;N2O;Deer;High-Productivity;0;0,003333333;0,01;0,02;0,003;0;0,0006;;0,002;0,002;0,001;0,04;0,0065;0,03
Cool Temperate;Moist;N2O;Deer;Low-Productivity;0;0,003333333;0,01;0,02;0,003;0;0,0006;;0,002;0,002;0,001;0,04;0,0065;0,03
Cool Temperate;Dry;N2O;Deer;Low-Productivity;0;0,003333333;0,01;0,02;0,003;0;0,0006;;0,002;0,002;0,001;0,04;0,0065;0,03
Boreal;Moist;N2O;Deer;Low-Productivity;0;0,003333333;0,01;0,02;0,003;0;0,0006;;0,002;0,002;0,001;0,04;0,0065;0,03
Boreal;Dry;N2O;Deer;Low-Productivity;0;0,003333333;0,01;0,02;0,003;0;0,0006;;0,002;0,002;0,001;0,04;0,0065;0,03
Warm Temperate;Moist;N2O;Deer;Low-Productivity;0;0,003333333;0,01;0,02;0,003;0;0,0006;;0,002;0,002;0,001;0,04;0,0065;0,03
Warm Temperate;Dry;N2O;Deer;Low-Productivity;0;0,003333333;0,01;0,02;0,003;0;0,0006;;0,002;0,002;0,001;0,04;0,0065;0,03
Tropical;Montane;N2O;Deer;Low-Productivity;0;0,003333333;0,01;0,02;0,003;0;0,0006;;0,002;0,002;0,001;0,04;0,0065;0,03
Tropical;Wet;N2O;Deer;Low-Productivity;0;0,003333333;0,01;0,02;0,003;0;0,0006;;0,002;0,002;0,001;0,04;0,0065;0,03
Tropical;Moist;N2O;Deer;Low-Productivity;0;0,003333333;0,01;0,02;0,003;0;0,0006;;0,002;0,002;0,001;0,04;0,0065;0,03
Tropical;Dry;N2O;Deer;Low-Productivity;0;0,003333333;0,01;0,02;0,003;0;0,0006;;0,002;0,002;0,001;0,04;0,0065;0,03
Cool Temperate;Moist;N2O;Ostrich;High-Productivity;0;0,003333333;0,01;0,02;0,003;0;0,0006;;0,002;0,002;0,001;0,04;0,0065;0,03
Cool Temperate;Dry;N2O;Ostrich;High-Productivity;0;0,003333333;0,01;0,02;0,003;0;0,0006;;0,002;0,002;0,001;0,04;0,0065;0,03
Boreal;Moist;N2O;Ostrich;High-Productivity;0;0,003333333;0,01;0,02;0,003;0;0,0006;;0,002;0,002;0,001;0,04;0,0065;0,03
Boreal;Dry;N2O;Ostrich;High-Productivity;0;0,003333333;0,01;0,02;0,003;0;0,0006;;0,002;0,002;0,001;0,04;0,0065;0,03
Warm Temperate;Moist;N2O;Ostrich;High-Productivity;0;0,003333333;0,01;0,02;0,003;0;0,0006;;0,002;0,002;0,001;0,04;0,0065;0,03
Warm Temperate;Dry;N2O;Ostrich;High-Productivity;0;0,003333333;0,01;0,02;0,003;0;0,0006;;0,002;0,002;0,001;0,04;0,0065;0,03
Tropical;Montane;N2O;Ostrich;High-Productivity;0;0,003333333;0,01;0,02;0,003;0;0,0006;;0,002;0,002;0,001;0,04;0,0065;0,03
Tropical;Wet;N2O;Ostrich;High-Productivity;0;0,003333333;0,01;0,02;0,003;0;0,0006;;0,002;0,002;0,001;0,04;0,0065;0,03
Tropical;Moist;N2O;Ostrich;High-Productivity;0;0,003333333;0,01;0,02;0,003;0;0,0006;;0,002;0,002;0,001;0,04;0,0065;0,03
Tropical;Dry;N2O;Ostrich;High-Productivity;0;0,003333333;0,01;0,02;0,003;0;0,0006;;0,002;0,002;0,001;0,04;0,0065;0,03
Cool Temperate;Moist;N2O;Ostrich;Low-Productivity;0;0,003333333;0,01;0,02;0,003;0;0,0006;;0,002;0,002;0,001;0,04;0,0065;0,03
Cool Temperate;Dry;N2O;Ostrich;Low-Productivity;0;0,003333333;0,01;0,02;0,003;0;0,0006;;0,002;0,002;0,001;0,04;0,0065;0,03
Boreal;Moist;N2O;Ostrich;Low-Productivity;0;0,003333333;0,01;0,02;0,003;0;0,0006;;0,002;0,002;0,001;0,04;0,0065;0,03
Boreal;Dry;N2O;Ostrich;Low-Productivity;0;0,003333333;0,01;0,02;0,003;0;0,0006;;0,002;0,002;0,001;0,04;0,0065;0,03
Warm Temperate;Moist;N2O;Ostrich;Low-Productivity;0;0,003333333;0,01;0,02;0,003;0;0,0006;;0,002;0,002;0,001;0,04;0,0065;0,03
Warm Temperate;Dry;N2O;Ostrich;Low-Productivity;0;0,003333333;0,01;0,02;0,003;0;0,0006;;0,002;0,002;0,001;0,04;0,0065;0,03
Tropical;Montane;N2O;Ostrich;Low-Productivity;0;0,003333333;0,01;0,02;0,003;0;0,0006;;0,002;0,002;0,001;0,04;0,0065;0,03
Tropical;Wet;N2O;Ostrich;Low-Productivity;0;0,003333333;0,01;0,02;0,003;0;0,0006;;0,002;0,002;0,001;0,04;0,0065;0,03
Tropical;Moist;N2O;Ostrich;Low-Productivity;0;0,003333333;0,01;0,02;0,003;0;0,0006;;0,002;0,002;0,001;0,04;0,0065;0,03
Tropical;Dry;N2O;Ostrich;Low-Productivity;0;0,003333333;0,01;0,02;0,003;0;0,0006;;0,002;0,002;0,001;0,04;0,0065;0,03
Cool Temperate;Moist;N2O;Llamas And Alpacas;High-Productivity;0;0,003333333;0,01;0,02;0,003;0;0,0006;;0,002;0,002;0,001;0,04;0,0065;0,03
Cool Temperate;Dry;N2O;Llamas And Alpacas;High-Productivity;0;0,003333333;0,01;0,02;0,003;0;0,0006;;0,002;0,002;0,001;0,04;0,0065;0,03
Boreal;Moist;N2O;Llamas And Alpacas;High-Productivity;0;0,003333333;0,01;0,02;0,003;0;0,0006;;0,002;0,002;0,001;0,04;0,0065;0,03
Boreal;Dry;N2O;Llamas And Alpacas;High-Productivity;0;0,003333333;0,01;0,02;0,003;0;0,0006;;0,002;0,002;0,001;0,04;0,0065;0,03
Warm Temperate;Moist;N2O;Llamas And Alpacas;High-Productivity;0;0,003333333;0,01;0,02;0,003;0;0,0006;;0,002;0,002;0,001;0,04;0,0065;0,03
Warm Temperate;Dry;N2O;Llamas And Alpacas;High-Productivity;0;0,003333333;0,01;0,02;0,003;0;0,0006;;0,002;0,002;0,001;0,04;0,0065;0,03
Tropical;Montane;N2O;Llamas And Alpacas;High-Productivity;0;0,003333333;0,01;0,02;0,003;0;0,0006;;0,002;0,002;0,001;0,04;0,0065;0,03
Tropical;Wet;N2O;Llamas And Alpacas;High-Productivity;0;0,003333333;0,01;0,02;0,003;0;0,0006;;0,002;0,002;0,001;0,04;0,0065;0,03
Tropical;Moist;N2O;Llamas And Alpacas;High-Productivity;0;0,003333333;0,01;0,02;0,003;0;0,0006;;0,002;0,002;0,001;0,04;0,0065;0,03
Tropical;Dry;N2O;Llamas And Alpacas;High-Productivity;0;0,003333333;0,01;0,02;0,003;0;0,0006;;0,002;0,002;0,001;0,04;0,0065;0,03
Cool Temperate;Moist;N2O;Llamas And Alpacas;Low-Productivity;0;0,003333333;0,01;0,02;0,003;0;0,0006;;0,002;0,002;0,001;0,04;0,0065;0,03
Cool Temperate;Dry;N2O;Llamas And Alpacas;Low-Productivity;0;0,003333333;0,01;0,02;0,003;0;0,0006;;0,002;0,002;0,001;0,04;0,0065;0,03
Boreal;Moist;N2O;Llamas And Alpacas;Low-Productivity;0;0,003333333;0,01;0,02;0,003;0;0,0006;;0,002;0,002;0,001;0,04;0,0065;0,03
Boreal;Dry;N2O;Llamas And Alpacas;Low-Productivity;0;0,003333333;0,01;0,02;0,003;0;0,0006;;0,002;0,002;0,001;0,04;0,0065;0,03
Warm Temperate;Moist;N2O;Llamas And Alpacas;Low-Productivity;0;0,003333333;0,01;0,02;0,003;0;0,0006;;0,002;0,002;0,001;0,04;0,0065;0,03
Warm Temperate;Dry;N2O;Llamas And Alpacas;Low-Productivity;0;0,003333333;0,01;0,02;0,003;0;0,0006;;0,002;0,002;0,001;0,04;0,0065;0,03
Tropical;Montane;N2O;Llamas And Alpacas;Low-Productivity;0;0,003333333;0,01;0,02;0,003;0;0,0006;;0,002;0,002;0,001;0,04;0,0065;0,03
Tropical;Wet;N2O;Llamas And Alpacas;Low-Productivity;0;0,003333333;0,01;0,02;0,003;0;0,0006;;0,002;0,002;0,001;0,04;0,0065;0,03
Tropical;Moist;N2O;Llamas And Alpacas;Low-Productivity;0;0,003333333;0,01;0,02;0,003;0;0,0006;;0,002;0,002;0,001;0,04;0,0065;0,03
Tropical;Dry;N2O;Llamas And Alpacas;Low-Productivity;0;0,003333333;0,01;0,02;0,003;0;0,0006;;0,002;0,002;0,001;0,04;0,0065;0,03
Cool Temperate;Moist;N2O;Dairy Cattle;Default;0;0,003333333;0,0075;0,02;0,004;0;0,0006;;0,002;0,002;0,001;0,04;0,0065;0,0075
Cool Temperate;Dry;N2O;Dairy Cattle;Default;0;0,003333333;0,0075;0,02;0,002;0;0,0006;;0,002;0,002;0,001;0,04;0,0065;0,0075
Boreal;Moist;N2O;Dairy Cattle;Default;0;0,003333333;0,0075;0,02;0,004;0;0,0006;;0,002;0,002;0,001;0,04;0,0065;0,0075
Boreal;Dry;N2O;Dairy Cattle;Default;0;0,003333333;0,0075;0,02;0,002;0;0,0006;;0,002;0,002;0,001;0,04;0,0065;0,0075
Warm Temperate;Moist;N2O;Dairy Cattle;Default;0;0,003333333;0,0075;0,02;0,004;0;0,0006;;0,002;0,002;0,001;0,04;0,0065;0,0075
Warm Temperate;Dry;N2O;Dairy Cattle;Default;0;0,003333333;0,0075;0,02;0,002;0;0,0006;;0,002;0,002;0,001;0,04;0,0065;0,0075
Tropical;Montane;N2O;Dairy Cattle;Default;0;0,003333333;0,0075;0,02;0,002;0;0,0006;;0,002;0,002;0,001;0,04;0,0065;0,0075
Tropical;Wet;N2O;Dairy Cattle;Default;0;0,003333333;0,0075;0,02;0,006;0;0,0006;;0,002;0,002;0,001;0,04;0,0065;0,0075
Tropical;Moist;N2O;Dairy Cattle;Default;0;0,003333333;0,0075;0,02;0,004;0;0,0006;;0,002;0,002;0,001;0,04;0,0065;0,0075
Tropical;Dry;N2O;Dairy Cattle;Default;0;0,003333333;0,0075;0,02;0,002;0;0,0006;;0,002;0,002;0,001;0,04;0,0065;0,0075
Cool Temperate;Moist;N2O;Other Cattle;Default;0;0,003333333;0,0075;0,02;0,004;0;0,0006;;0,002;0,002;0,001;0,04;0,0065;0,0075
Cool Temperate;Dry;N2O;Other Cattle;Default;0;0,003333333;0,0075;0,02;0,002;0;0,0006;;0,002;0,002;0,001;0,04;0,0065;0,0075
Boreal;Moist;N2O;Other Cattle;Default;0;0,003333333;0,0075;0,02;0,004;0;0,0006;;0,002;0,002;0,001;0,04;0,0065;0,0075
Boreal;Dry;N2O;Other Cattle;Default;0;0,003333333;0,0075;0,02;0,002;0;0,0006;;0,002;0,002;0,001;0,04;0,0065;0,0075
Warm Temperate;Moist;N2O;Other Cattle;Default;0;0,003333333;0,0075;0,02;0,004;0;0,0006;;0,002;0,002;0,001;0,04;0,0065;0,0075
Warm Temperate;Dry;N2O;Other Cattle;Default;0;0,003333333;0,0075;0,02;0,002;0;0,0006;;0,002;0,002;0,001;0,04;0,0065;0,0075
Tropical;Montane;N2O;Other Cattle;Default;0;0,003333333;0,0075;0,02;0,002;0;0,0006;;0,002;0,002;0,001;0,04;0,0065;0,0075
Tropical;Wet;N2O;Other Cattle;Default;0;0,003333333;0,0075;0,02;0,006;0;0,0006;;0,002;0,002;0,001;0,04;0,0065;0,0075
Tropical;Moist;N2O;Other Cattle;Default;0;0,003333333;0,0075;0,02;0,004;0;0,0006;;0,002;0,002;0,001;0,04;0,0065;0,0075
Tropical;Dry;N2O;Other Cattle;Default;0;0,003333333;0,0075;0,02;0,002;0;0,0006;;0,002;0,002;0,001;0,04;0,0065;0,0075
Cool Temperate;Moist;N2O;Dairy Buffalo;Default;0;0,003333333;0,0075;0,02;0,004;0;0,0006;;0,002;0,002;0,001;0,04;0,0065;0,0075
Cool Temperate;Dry;N2O;Dairy Buffalo;Default;0;0,003333333;0,0075;0,02;0,002;0;0,0006;;0,002;0,002;0,001;0,04;0,0065;0,0075
Boreal;Moist;N2O;Dairy Buffalo;Default;0;0,003333333;0,0075;0,02;0,004;0;0,0006;;0,002;0,002;0,001;0,04;0,0065;0,0075
Boreal;Dry;N2O;Dairy Buffalo;Default;0;0,003333333;0,0075;0,02;0,002;0;0,0006;;0,002;0,002;0,001;0,04;0,0065;0,0075
Warm Temperate;Moist;N2O;Dairy Buffalo;Default;0;0,003333333;0,0075;0,02;0,004;0;0,0006;;0,002;0,002;0,001;0,04;0,0065;0,0075
Warm Temperate;Dry;N2O;Dairy Buffalo;Default;0;0,003333333;0,0075;0,02;0,002;0;0,0006;;0,002;0,002;0,001;0,04;0,0065;0,0075
Tropical;Montane;N2O;Dairy Buffalo;Default;0;0,003333333;0,0075;0,02;0,002;0;0,0006;;0,002;0,002;0,001;0,04;0,0065;0,0075
Tropical;Wet;N2O;Dairy Buffalo;Default;0;0,003333333;0,0075;0,02;0,006;0;0,0006;;0,002;0,002;0,001;0,04;0,0065;0,0075
Tropical;Moist;N2O;Dairy Buffalo;Default;0;0,003333333;0,0075;0,02;0,004;0;0,0006;;0,002;0,002;0,001;0,04;0,0065;0,0075
Tropical;Dry;N2O;Dairy Buffalo;Default;0;0,003333333;0,0075;0,02;0,002;0;0,0006;;0,002;0,002;0,001;0,04;0,0065;0,0075
Cool Temperate;Moist;N2O;Other Buffalo;Default;0;0,003333333;0,0075;0,02;0,004;0;0,0006;;0,002;0,002;0,001;0,04;0,0065;0,0075
Cool Temperate;Dry;N2O;Other Buffalo;Default;0;0,003333333;0,0075;0,02;0,002;0;0,0006;;0,002;0,002;0,001;0,04;0,0065;0,0075
Boreal;Moist;N2O;Other Buffalo;Default;0;0,003333333;0,0075;0,02;0,004;0;0,0006;;0,002;0,002;0,001;0,04;0,0065;0,0075
Boreal;Dry;N2O;Other Buffalo;Default;0;0,003333333;0,0075;0,02;0,002;0;0,0006;;0,002;0,002;0,001;0,04;0,0065;0,0075
Warm Temperate;Moist;N2O;Other Buffalo;Default;0;0,003333333;0,0075;0,02;0,004;0;0,0006;;0,002;0,002;0,001;0,04;0,0065;0,0075
Warm Temperate;Dry;N2O;Other Buffalo;Default;0;0,003333333;0,0075;0,02;0,002;0;0,0006;;0,002;0,002;0,001;0,04;0,0065;0,0075
Tropical;Montane;N2O;Other Buffalo;Default;0;0,003333333;0,0075;0,02;0,002;0;0,0006;;0,002;0,002;0,001;0,04;0,0065;0,0075
Tropical;Wet;N2O;Other Buffalo;Default;0;0,003333333;0,0075;0,02;0,006;0;0,0006;;0,002;0,002;0,001;0,04;0,0065;0,0075
Tropical;Moist;N2O;Other Buffalo;Default;0;0,003333333;0,0075;0,02;0,004;0;0,0006;;0,002;0,002;0,001;0,04;0,0065;0,0075
Tropical;Dry;N2O;Other Buffalo;Default;0;0,003333333;0,0075;0,02;0,002;0;0,0006;;0,002;0,002;0,001;0,04;0,0065;0,0075
Cool Temperate;Moist;N2O;Growing Swine;Default;0;0,003333333;0,0075;0,02;0,004;0;0,0006;;0,002;0,002;0,001;0,04;0,0065;0,0075
Cool Temperate;Dry;N2O;Growing Swine;Default;0;0,003333333;0,0075;0,02;0,002;0;0,0006;;0,002;0,002;0,001;0,04;0,0065;0,0075
Boreal;Moist;N2O;Growing Swine;Default;0;0,003333333;0,0075;0,02;0,004;0;0,0006;;0,002;0,002;0,001;0,04;0,0065;0,0075
Boreal;Dry;N2O;Growing Swine;Default;0;0,003333333;0,0075;0,02;0,002;0;0,0006;;0,002;0,002;0,001;0,04;0,0065;0,0075
Warm Temperate;Moist;N2O;Growing Swine;Default;0;0,003333333;0,0075;0,02;0,004;0;0,0006;;0,002;0,002;0,001;0,04;0,0065;0,0075
Warm Temperate;Dry;N2O;Growing Swine;Default;0;0,003333333;0,0075;0,02;0,002;0;0,0006;;0,002;0,002;0,001;0,04;0,0065;0,0075
Tropical;Montane;N2O;Growing Swine;Default;0;0,003333333;0,0075;0,02;0,002;0;0,0006;;0,002;0,002;0,001;0,04;0,0065;0,0075
Tropical;Wet;N2O;Growing Swine;Default;0;0,003333333;0,0075;0,02;0,006;0;0,0006;;0,002;0,002;0,001;0,04;0,0065;0,0075
Tropical;Moist;N2O;Growing Swine;Default;0;0,003333333;0,0075;0,02;0,004;0;0,0006;;0,002;0,002;0,001;0,04;0,0065;0,0075
Tropical;Dry;N2O;Growing Swine;Default;0;0,003333333;0,0075;0,02;0,002;0;0,0006;;0,002;0,002;0,001;0,04;0,0065;0,0075
Cool Temperate;Moist;N2O;Breeding Swine;Default;0;0,003333333;0,0075;0,02;0,004;0;0,0006;;0,002;0,002;0,001;0,04;0,0065;0,0075
Cool Temperate;Dry;N2O;Breeding Swine;Default;0;0,003333333;0,0075;0,02;0,002;0;0,0006;;0,002;0,002;0,001;0,04;0,0065;0,0075
Boreal;Moist;N2O;Breeding Swine;Default;0;0,003333333;0,0075;0,02;0,004;0;0,0006;;0,002;0,002;0,001;0,04;0,0065;0,0075
Boreal;Dry;N2O;Breeding Swine;Default;0;0,003333333;0,0075;0,02;0,002;0;0,0006;;0,002;0,002;0,001;0,04;0,0065;0,0075
Warm Temperate;Moist;N2O;Breeding Swine;Default;0;0,003333333;0,0075;0,02;0,004;0;0,0006;;0,002;0,002;0,001;0,04;0,0065;0,0075
Warm Temperate;Dry;N2O;Breeding Swine;Default;0;0,003333333;0,0075;0,02;0,002;0;0,0006;;0,002;0,002;0,001;0,04;0,0065;0,0075
Tropical;Montane;N2O;Breeding Swine;Default;0;0,003333333;0,0075;0,02;0,002;0;0,0006;;0,002;0,002;0,001;0,04;0,0065;0,0075
Tropical;Wet;N2O;Breeding Swine;Default;0;0,003333333;0,0075;0,02;0,006;0;0,0006;;0,002;0,002;0,001;0,04;0,0065;0,0075
Tropical;Moist;N2O;Breeding Swine;Default;0;0,003333333;0,0075;0,02;0,004;0;0,0006;;0,002;0,002;0,001;0,04;0,0065;0,0075
Tropical;Dry;N2O;Breeding Swine;Default;0;0,003333333;0,0075;0,02;0,002;0;0,0006;;0,002;0,002;0,001;0,04;0,0065;0,0075
Cool Temperate;Moist;N2O;Chicken Layer;Default;0;0,003333333;0,0075;0,02;0,004;0;0,0006;;0,002;0,002;0,001;0,04;0,0065;0,0075
Cool Temperate;Dry;N2O;Chicken Layer;Default;0;0,003333333;0,0075;0,02;0,002;0;0,0006;;0,002;0,002;0,001;0,04;0,0065;0,0075
Boreal;Moist;N2O;Chicken Layer;Default;0;0,003333333;0,0075;0,02;0,004;0;0,0006;;0,002;0,002;0,001;0,04;0,0065;0,0075
Boreal;Dry;N2O;Chicken Layer;Default;0;0,003333333;0,0075;0,02;0,002;0;0,0006;;0,002;0,002;0,001;0,04;0,0065;0,0075
Warm Temperate;Moist;N2O;Chicken Layer;Default;0;0,003333333;0,0075;0,02;0,004;0;0,0006;;0,002;0,002;0,001;0,04;0,0065;0,0075
Warm Temperate;Dry;N2O;Chicken Layer;Default;0;0,003333333;0,0075;0,02;0,002;0;0,0006;;0,002;0,002;0,001;0,04;0,0065;0,0075
Tropical;Montane;N2O;Chicken Layer;Default;0;0,003333333;0,0075;0,02;0,002;0;0,0006;;0,002;0,002;0,001;0,04;0,0065;0,0075
Tropical;Wet;N2O;Chicken Layer;Default;0;0,003333333;0,0075;0,02;0,006;0;0,0006;;0,002;0,002;0,001;0,04;0,0065;0,0075
Tropical;Moist;N2O;Chicken Layer;Default;0;0,003333333;0,0075;0,02;0,004;0;0,0006;;0,002;0,002;0,001;0,04;0,0065;0,0075
Tropical;Dry;N2O;Chicken Layer;Default;0;0,003333333;0,0075;0,02;0,002;0;0,0006;;0,002;0,002;0,001;0,04;0,0065;0,0075
Cool Temperate;Moist;N2O;Chicken Broiler;Default;0;0,003333333;0,0075;0,02;0,004;0;0,0006;;0,002;0,002;0,001;0,04;0,0065;0,0075
Cool Temperate;Dry;N2O;Chicken Broiler;Default;0;0,003333333;0,0075;0,02;0,002;0;0,0006;;0,002;0,002;0,001;0,04;0,0065;0,0075
Boreal;Moist;N2O;Chicken Broiler;Default;0;0,003333333;0,0075;0,02;0,004;0;0,0006;;0,002;0,002;0,001;0,04;0,0065;0,0075
Boreal;Dry;N2O;Chicken Broiler;Default;0;0,003333333;0,0075;0,02;0,002;0;0,0006;;0,002;0,002;0,001;0,04;0,0065;0,0075
Warm Temperate;Moist;N2O;Chicken Broiler;Default;0;0,003333333;0,0075;0,02;0,004;0;0,0006;;0,002;0,002;0,001;0,04;0,0065;0,0075
Warm Temperate;Dry;N2O;Chicken Broiler;Default;0;0,003333333;0,0075;0,02;0,002;0;0,0006;;0,002;0,002;0,001;0,04;0,0065;0,0075
Tropical;Montane;N2O;Chicken Broiler;Default;0;0,003333333;0,0075;0,02;0,002;0;0,0006;;0,002;0,002;0,001;0,04;0,0065;0,0075
Tropical;Wet;N2O;Chicken Broiler;Default;0;0,003333333;0,0075;0,02;0,006;0;0,0006;;0,002;0,002;0,001;0,04;0,0065;0,0075
Tropical;Moist;N2O;Chicken Broiler;Default;0;0,003333333;0,0075;0,02;0,004;0;0,0006;;0,002;0,002;0,001;0,04;0,0065;0,0075
Tropical;Dry;N2O;Chicken Broiler;Default;0;0,003333333;0,0075;0,02;0,002;0;0,0006;;0,002;0,002;0,001;0,04;0,0065;0,0075
Cool Temperate;Moist;N2O;Dairy Sheep;Default;0;0,003333333;0,01;0,02;0,003;0;0,0006;;0,002;0,002;0,001;0,04;0,0065;0,03
Cool Temperate;Dry;N2O;Dairy Sheep;Default;0;0,003333333;0,01;0,02;0,003;0;0,0006;;0,002;0,002;0,001;0,04;0,0065;0,03
Boreal;Moist;N2O;Dairy Sheep;Default;0;0,003333333;0,01;0,02;0,003;0;0,0006;;0,002;0,002;0,001;0,04;0,0065;0,03
Boreal;Dry;N2O;Dairy Sheep;Default;0;0,003333333;0,01;0,02;0,003;0;0,0006;;0,002;0,002;0,001;0,04;0,0065;0,03
Warm Temperate;Moist;N2O;Dairy Sheep;Default;0;0,003333333;0,01;0,02;0,003;0;0,0006;;0,002;0,002;0,001;0,04;0,0065;0,03
Warm Temperate;Dry;N2O;Dairy Sheep;Default;0;0,003333333;0,01;0,02;0,003;0;0,0006;;0,002;0,002;0,001;0,04;0,0065;0,03
Tropical;Montane;N2O;Dairy Sheep;Default;0;0,003333333;0,01;0,02;0,003;0;0,0006;;0,002;0,002;0,001;0,04;0,0065;0,03
Tropical;Wet;N2O;Dairy Sheep;Default;0;0,003333333;0,01;0,02;0,003;0;0,0006;;0,002;0,002;0,001;0,04;0,0065;0,03
Tropical;Moist;N2O;Dairy Sheep;Default;0;0,003333333;0,01;0,02;0,003;0;0,0006;;0,002;0,002;0,001;0,04;0,0065;0,03
Tropical;Dry;N2O;Dairy Sheep;Default;0;0,003333333;0,01;0,02;0,003;0;0,0006;;0,002;0,002;0,001;0,04;0,0065;0,03
Cool Temperate;Moist;N2O;Other Sheep;Default;0;0,003333333;0,01;0,02;0,003;0;0,0006;;0,002;0,002;0,001;0,04;0,0065;0,03
Cool Temperate;Dry;N2O;Other Sheep;Default;0;0,003333333;0,01;0,02;0,003;0;0,0006;;0,002;0,002;0,001;0,04;0,0065;0,03
Boreal;Moist;N2O;Other Sheep;Default;0;0,003333333;0,01;0,02;0,003;0;0,0006;;0,002;0,002;0,001;0,04;0,0065;0,03
Boreal;Dry;N2O;Other Sheep;Default;0;0,003333333;0,01;0,02;0,003;0;0,0006;;0,002;0,002;0,001;0,04;0,0065;0,03
Warm Temperate;Moist;N2O;Other Sheep;Default;0;0,003333333;0,01;0,02;0,003;0;0,0006;;0,002;0,002;0,001;0,04;0,0065;0,03
Warm Temperate;Dry;N2O;Other Sheep;Default;0;0,003333333;0,01;0,02;0,003;0;0,0006;;0,002;0,002;0,001;0,04;0,0065;0,03
Tropical;Montane;N2O;Other Sheep;Default;0;0,003333333;0,01;0,02;0,003;0;0,0006;;0,002;0,002;0,001;0,04;0,0065;0,03
Tropical;Wet;N2O;Other Sheep;Default;0;0,003333333;0,01;0,02;0,003;0;0,0006;;0,002;0,002;0,001;0,04;0,0065;0,03
Tropical;Moist;N2O;Other Sheep;Default;0;0,003333333;0,01;0,02;0,003;0;0,0006;;0,002;0,002;0,001;0,04;0,0065;0,03
Tropical;Dry;N2O;Other Sheep;Default;0;0,003333333;0,01;0,02;0,003;0;0,0006;;0,002;0,002;0,001;0,04;0,0065;0,03
Cool Temperate;Moist;N2O;Goats;Default;0;0,003333333;0,01;0,02;0,003;0;0,0006;;0,002;0,002;0,001;0,04;0,0065;0,03
Cool Temperate;Dry;N2O;Goats;Default;0;0,003333333;0,01;0,02;0,003;0;0,0006;;0,002;0,002;0,001;0,04;0,0065;0,03
Boreal;Moist;N2O;Goats;Default;0;0,003333333;0,01;0,02;0,003;0;0,0006;;0,002;0,002;0,001;0,04;0,0065;0,03
Boreal;Dry;N2O;Goats;Default;0;0,003333333;0,01;0,02;0,003;0;0,0006;;0,002;0,002;0,001;0,04;0,0065;0,03
Warm Temperate;Moist;N2O;Goats;Default;0;0,003333333;0,01;0,02;0,003;0;0,0006;;0,002;0,002;0,001;0,04;0,0065;0,03
Warm Temperate;Dry;N2O;Goats;Default;0;0,003333333;0,01;0,02;0,003;0;0,0006;;0,002;0,002;0,001;0,04;0,0065;0,03
Tropical;Montane;N2O;Goats;Default;0;0,003333333;0,01;0,02;0,003;0;0,0006;;0,002;0,002;0,001;0,04;0,0065;0,03
Tropical;Wet;N2O;Goats;Default;0;0,003333333;0,01;0,02;0,003;0;0,0006;;0,002;0,002;0,001;0,04;0,0065;0,03
Tropical;Moist;N2O;Goats;Default;0;0,003333333;0,01;0,02;0,003;0;0,0006;;0,002;0,002;0,001;0,04;0,0065;0,03
Tropical;Dry;N2O;Goats;Default;0;0,003333333;0,01;0,02;0,003;0;0,0006;;0,002;0,002;0,001;0,04;0,0065;0,03
Cool Temperate;Moist;N2O;Camels;Default;0;0,003333333;0,01;0,02;0,003;0;0,0006;;0,002;0,002;0,001;0,04;0,0065;0,03
Cool Temperate;Dry;N2O;Camels;Default;0;0,003333333;0,01;0,02;0,003;0;0,0006;;0,002;0,002;0,001;0,04;0,0065;0,03
Boreal;Moist;N2O;Camels;Default;0;0,003333333;0,01;0,02;0,003;0;0,0006;;0,002;0,002;0,001;0,04;0,0065;0,03
Boreal;Dry;N2O;Camels;Default;0;0,003333333;0,01;0,02;0,003;0;0,0006;;0,002;0,002;0,001;0,04;0,0065;0,03
Warm Temperate;Moist;N2O;Camels;Default;0;0,003333333;0,01;0,02;0,003;0;0,0006;;0,002;0,002;0,001;0,04;0,0065;0,03
Warm Temperate;Dry;N2O;Camels;Default;0;0,003333333;0,01;0,02;0,003;0;0,0006;;0,002;0,002;0,001;0,04;0,0065;0,03
Tropical;Montane;N2O;Camels;Default;0;0,003333333;0,01;0,02;0,003;0;0,0006;;0,002;0,002;0,001;0,04;0,0065;0,03
Tropical;Wet;N2O;Camels;Default;0;0,003333333;0,01;0,02;0,003;0;0,0006;;0,002;0,002;0,001;0,04;0,0065;0,03
Tropical;Moist;N2O;Camels;Default;0;0,003333333;0,01;0,02;0,003;0;0,0006;;0,002;0,002;0,001;0,04;0,0065;0,03
Tropical;Dry;N2O;Camels;Default;0;0,003333333;0,01;0,02;0,003;0;0,0006;;0,002;0,002;0,001;0,04;0,0065;0,03
Cool Temperate;Moist;N2O;Horses;Default;0;0,003333333;0,01;0,02;0,003;0;0,0006;;0,002;0,002;0,001;0,04;0,0065;0,03
Cool Temperate;Dry;N2O;Horses;Default;0;0,003333333;0,01;0,02;0,003;0;0,0006;;0,002;0,002;0,001;0,04;0,0065;0,03
Boreal;Moist;N2O;Horses;Default;0;0,003333333;0,01;0,02;0,003;0;0,0006;;0,002;0,002;0,001;0,04;0,0065;0,03
Boreal;Dry;N2O;Horses;Default;0;0,003333333;0,01;0,02;0,003;0;0,0006;;0,002;0,002;0,001;0,04;0,0065;0,03
Warm Temperate;Moist;N2O;Horses;Default;0;0,003333333;0,01;0,02;0,003;0;0,0006;;0,002;0,002;0,001;0,04;0,0065;0,03
Warm Temperate;Dry;N2O;Horses;Default;0;0,003333333;0,01;0,02;0,003;0;0,0006;;0,002;0,002;0,001;0,04;0,0065;0,03
Tropical;Montane;N2O;Horses;Default;0;0,003333333;0,01;0,02;0,003;0;0,0006;;0,002;0,002;0,001;0,04;0,0065;0,03
Tropical;Wet;N2O;Horses;Default;0;0,003333333;0,01;0,02;0,003;0;0,0006;;0,002;0,002;0,001;0,04;0,0065;0,03
Tropical;Moist;N2O;Horses;Default;0;0,003333333;0,01;0,02;0,003;0;0,0006;;0,002;0,002;0,001;0,04;0,0065;0,03
Tropical;Dry;N2O;Horses;Default;0;0,003333333;0,01;0,02;0,003;0;0,0006;;0,002;0,002;0,001;0,04;0,0065;0,03
Cool Temperate;Moist;N2O;Mules And Asses;Default;0;0,003333333;0,01;0,02;0,003;0;0,0006;;0,002;0,002;0,001;0,04;0,0065;0,03
Cool Temperate;Dry;N2O;Mules And Asses;Default;0;0,003333333;0,01;0,02;0,003;0;0,0006;;0,002;0,002;0,001;0,04;0,0065;0,03
Boreal;Moist;N2O;Mules And Asses;Default;0;0,003333333;0,01;0,02;0,003;0;0,0006;;0,002;0,002;0,001;0,04;0,0065;0,03
Boreal;Dry;N2O;Mules And Asses;Default;0;0,003333333;0,01;0,02;0,003;0;0,0006;;0,002;0,002;0,001;0,04;0,0065;0,03
Warm Temperate;Moist;N2O;Mules And Asses;Default;0;0,003333333;0,01;0,02;0,003;0;0,0006;;0,002;0,002;0,001;0,04;0,0065;0,03
Warm Temperate;Dry;N2O;Mules And Asses;Default;0;0,003333333;0,01;0,02;0,003;0;0,0006;;0,002;0,002;0,001;0,04;0,0065;0,03
Tropical;Montane;N2O;Mules And Asses;Default;0;0,003333333;0,01;0,02;0,003;0;0,0006;;0,002;0,002;0,001;0,04;0,0065;0,03
Tropical;Wet;N2O;Mules And Asses;Default;0;0,003333333;0,01;0,02;0,003;0;0,0006;;0,002;0,002;0,001;0,04;0,0065;0,03
Tropical;Moist;N2O;Mules And Asses;Default;0;0,003333333;0,01;0,02;0,003;0;0,0006;;0,002;0,002;0,001;0,04;0,0065;0,03
Tropical;Dry;N2O;Mules And Asses;Default;0;0,003333333;0,01;0,02;0,003;0;0,0006;;0,002;0,002;0,001;0,04;0,0065;0,03
Cool Temperate;Moist;N2O;Deer;Default;0;0,003333333;0,01;0,02;0,003;0;0,0006;;0,002;0,002;0,001;0,04;0,0065;0,03
Cool Temperate;Dry;N2O;Deer;Default;0;0,003333333;0,01;0,02;0,003;0;0,0006;;0,002;0,002;0,001;0,04;0,0065;0,03
Boreal;Moist;N2O;Deer;Default;0;0,003333333;0,01;0,02;0,003;0;0,0006;;0,002;0,002;0,001;0,04;0,0065;0,03
Boreal;Dry;N2O;Deer;Default;0;0,003333333;0,01;0,02;0,003;0;0,0006;;0,002;0,002;0,001;0,04;0,0065;0,03
Warm Temperate;Moist;N2O;Deer;Default;0;0,003333333;0,01;0,02;0,003;0;0,0006;;0,002;0,002;0,001;0,04;0,0065;0,03
Warm Temperate;Dry;N2O;Deer;Default;0;0,003333333;0,01;0,02;0,003;0;0,0006;;0,002;0,002;0,001;0,04;0,0065;0,03
Tropical;Montane;N2O;Deer;Default;0;0,003333333;0,01;0,02;0,003;0;0,0006;;0,002;0,002;0,001;0,04;0,0065;0,03
Tropical;Wet;N2O;Deer;Default;0;0,003333333;0,01;0,02;0,003;0;0,0006;;0,002;0,002;0,001;0,04;0,0065;0,03
Tropical;Moist;N2O;Deer;Default;0;0,003333333;0,01;0,02;0,003;0;0,0006;;0,002;0,002;0,001;0,04;0,0065;0,03
Tropical;Dry;N2O;Deer;Default;0;0,003333333;0,01;0,02;0,003;0;0,0006;;0,002;0,002;0,001;0,04;0,0065;0,03
Cool Temperate;Moist;N2O;Ostrich;Default;0;0,003333333;0,01;0,02;0,003;0;0,0006;;0,002;0,002;0,001;0,04;0,0065;0,03
Cool Temperate;Dry;N2O;Ostrich;Default;0;0,003333333;0,01;0,02;0,003;0;0,0006;;0,002;0,002;0,001;0,04;0,0065;0,03
Boreal;Moist;N2O;Ostrich;Default;0;0,003333333;0,01;0,02;0,003;0;0,0006;;0,002;0,002;0,001;0,04;0,0065;0,03
Boreal;Dry;N2O;Ostrich;Default;0;0,003333333;0,01;0,02;0,003;0;0,0006;;0,002;0,002;0,001;0,04;0,0065;0,03
Warm Temperate;Moist;N2O;Ostrich;Default;0;0,003333333;0,01;0,02;0,003;0;0,0006;;0,002;0,002;0,001;0,04;0,0065;0,03
Warm Temperate;Dry;N2O;Ostrich;Default;0;0,003333333;0,01;0,02;0,003;0;0,0006;;0,002;0,002;0,001;0,04;0,0065;0,03
Tropical;Montane;N2O;Ostrich;Default;0;0,003333333;0,01;0,02;0,003;0;0,0006;;0,002;0,002;0,001;0,04;0,0065;0,03
Tropical;Wet;N2O;Ostrich;Default;0;0,003333333;0,01;0,02;0,003;0;0,0006;;0,002;0,002;0,001;0,04;0,0065;0,03
Tropical;Moist;N2O;Ostrich;Default;0;0,003333333;0,01;0,02;0,003;0;0,0006;;0,002;0,002;0,001;0,04;0,0065;0,03
Tropical;Dry;N2O;Ostrich;Default;0;0,003333333;0,01;0,02;0,003;0;0,0006;;0,002;0,002;0,001;0,04;0,0065;0,03
Cool Temperate;Moist;N2O;Llamas And Alpacas;Default;0;0,003333333;0,01;0,02;0,003;0;0,0006;;0,002;0,002;0,001;0,04;0,0065;0,03
Cool Temperate;Dry;N2O;Llamas And Alpacas;Default;0;0,003333333;0,01;0,02;0,003;0;0,0006;;0,002;0,002;0,001;0,04;0,0065;0,03
Boreal;Moist;N2O;Llamas And Alpacas;Default;0;0,003333333;0,01;0,02;0,003;0;0,0006;;0,002;0,002;0,001;0,04;0,0065;0,03
Boreal;Dry;N2O;Llamas And Alpacas;Default;0;0,003333333;0,01;0,02;0,003;0;0,0006;;0,002;0,002;0,001;0,04;0,0065;0,03
Warm Temperate;Moist;N2O;Llamas And Alpacas;Default;0;0,003333333;0,01;0,02;0,003;0;0,0006;;0,002;0,002;0,001;0,04;0,0065;0,03
Warm Temperate;Dry;N2O;Llamas And Alpacas;Default;0;0,003333333;0,01;0,02;0,003;0;0,0006;;0,002;0,002;0,001;0,04;0,0065;0,03
Tropical;Montane;N2O;Llamas And Alpacas;Default;0;0,003333333;0,01;0,02;0,003;0;0,0006;;0,002;0,002;0,001;0,04;0,0065;0,03
Tropical;Wet;N2O;Llamas And Alpacas;Default;0;0,003333333;0,01;0,02;0,003;0;0,0006;;0,002;0,002;0,001;0,04;0,0065;0,03
Tropical;Moist;N2O;Llamas And Alpacas;Default;0;0,003333333;0,01;0,02;0,003;0;0,0006;;0,002;0,002;0,001;0,04;0,0065;0,03
Tropical;Dry;N2O;Llamas And Alpacas;Default;0;0,003333333;0,01;0,02;0,003;0;0,0006;;0,002;0,002;0,001;0,04;0,0065;0,03
